name,symptom,pathogeny,treatment,Dietary_health_care,prevention,identify,affiliated_hospital,hospital_place,website,id
咽炎,咽炎症状诊断1.：是咽粘膜，并波及粘膜下及淋巴组织的急性炎症。起病急、初起时咽部干燥、灼热、继之疼痛，吞咽时加重，并可放射至耳部。2.：起病较急，常与急性同时发生。初觉咽干、瘙痒、微痛、灼热感及异物感。重者伴有发热、头痛、食欲不振及全身不适。3.：因病程发展缓慢，病变部位隐蔽，故往往早期不易明确诊断。根据临床表现，仔细检查咽部，对于咽反向敏感或不能配合检查的病人采用纤维鼻咽镜检查。4.?：表现为咽部粘膜慢性充血;5.：主要表现为咽部粘膜充血肥厚，粘膜下有广泛的结缔组织及淋巴组织增生;6.：主要表现为粘膜层及粘膜下层萎缩变薄，咽后壁有痂皮附着，分泌减少。7.：病变为上皮细胞水肿、膨胀，使表皮的棘细胞层隆起，形成水疱，内含大量多核白细胞及血清，细胞核内有嗜酸性包函体，水疱很快破裂，形成一浅溃疡，表面覆有炎性细胞、红细胞或坏死组织。8.：本病起病急，全身及咽部症状较重，感染发生后，粘膜急性充血，粘液腺分泌增多，粘膜表面覆有稠厚粘液。继之畏寒高热，头痛，全身不适，食欲不振，背及四肢酸痛。9 .：表现为咽干不适、咽部疼痛、灼热、吞咽困难、吞咽痛、咽黏膜充血、扁桃体红肿，可见有脓性分泌物附于咽壁。,咽炎疾病病因一、病因常因受凉，过度疲劳，烟酒过度等致全身及局部抵抗力下降，病原微生物乘虚而入而引发本病。，患慢性心、肾、关节疾病，生活及工作环境不佳，经常接触高温、粉尘、有害刺激气体等皆易患本病。病原微生物主要为性链球菌，双球菌、流行性杆菌及病毒。在中医又叫“”，其病因认为是与“肝气郁结”、“痰湿内阻”有关。常见因素包括细菌、病毒、螺旋体、立克次体等，是的主要致病因素，可直接来源于空气、饮食，也可间接来源于血液循环和淋巴循环。如讲话过多，喜食辛辣、烫热饮食，烟酒过度，化学性气体、粉尘等空气污染，均可损伤咽部粘膜上皮和腺体。破坏局部防御体系。寒冷可造成咽部粘膜血管收缩，吞噬细胞数目减少，局部抵抗力下降;干燥可影响咽部粘液分泌和纤毛蠕动，降低对空气的清洁、加湿作用，直接对咽部粘膜造成刺激和损害;冬春季节气候变化大，室内空气流通差，也容易引起抵抗力下降和致病微生物入侵。鼻腔;鼻窦、口腔、牙齿、牙龈、喉、气管、支气管等邻近器官的急、慢性炎症，沿着粘膜、粘膜下组织、局部淋巴和血液循环侵犯到咽部，或炎性分泌物反复刺激咽部，或鼻病呼吸受阻而被迫张口呼吸等，均可导致咽炎。体质或患有全身疾病，如、、，、、、、、、结核、肝硬变及消化系统疾病造成的营养不良、等，均可导致全身抵抗力下降、咽部血液循环障碍，进而引发咽炎。外界因素如果生活地域气候寒冷、干燥，工作环境空气被粉尘、化学气体污染，或者咽喉长期受烟酒、辛辣食物的刺激，就易得咽炎。咽炎也可以是某些全身性疾病的局部表现，如贫血、消化不良、大便长期秘结、心脏病、、、肝脏病变、糖尿病及等。主要多发于嗓音工作者，如：教师、演员等。因长期多语言和演唱，可刺激咽部，引起慢性充血而致病。二、发病机制从病理上可分为两类慢性单纯性及临床多见，病变主要在咽部黏膜层，黏膜慢性充血，血管周围有淋巴细胞、白细胞及浆细胞浸润，但以淋巴细胞为主，黏膜及黏膜下层结缔组织增生，黏液腺肥大，黏液分泌增多，是射频治疗的适应症。慢性粒性咽炎及咽侧炎黏膜有较广泛的淋巴组织增生，淋巴滤泡的上皮变薄，甚至消失，黏液腺周围的淋巴组织增生突起，因此在咽后壁上可见多数颗粒状隆起，甚至连成一片。黏液腺内的炎性渗出物被封闭其中，在淋巴颗粒的顶部形成囊状白点，如果破溃外溢，即见黄色渗出物。咽侧索常肿大(咽侧炎)也为淋巴组织增生的结果，是射频手术的最佳适应症。,一、咽炎西医治疗1、行对症治疗，通畅大便，多喝白开水。2、发热者应用抗生素(青霉素，先锋霉素)、磺胺类药和抗病毒药(如吗啉双胍、金刚胺、病毒灵等)。3、局部可用1：5000呋喃西林液或复方硼砂液漱口，杜来芬、洗必太、薄荷片或含碘片含化，或抗生素加激素雾化吸入。二、咽炎中医治疗中医中药治疗：重，发热轻，无汗，脉浮者可用麻黄汤内服。发热重，恶寒轻者则有银翘散内服，亦可用牛黄解毒丸、解毒消炎丸、六神丸内服。局部可用冰硼散或锡类散吹入中。颊车，，少商或作下颌角封闭，可使炎症消退，止痛效果尤佳。也可取紫花地丁10克、金银花10克，泡水当茶饮，效果不错。分急、慢性两种，多表现为咽部不适。药膳是本病较好的辅助疗法，下面就向您推荐一些药膳方。,咽炎饮食保健1. 雪梨罗汉汤功效：润消炎，清热。适用于急有的、音哑、不爽、喉部异物感等症。配料：雪梨、罗汉果各1个。制作：雪梨去皮、核，切成碎块，罗汉果洗净，二者共放锅中，加适量水，煮30分钟即可。用法：代茶饮，每日1剂。2.葛菜生鱼汤功效：清热，解毒，利水。也适用于、、等症。配料：重125克左右的鲜生鱼1条，葛菜60克左右，盐、味精各适量。制作：生鱼去鳞及肠杂，洗净，放入锅中，加水适量，与葛菜同煮1～2小时，加盐、味精调味。用法：喝汤，吃鱼、葛菜。3. 胖大海茶功效：清热润，解毒利咽。适用于咽痛、无痰、音哑等症。配料：胖大海3个，蜂蜜15克。制作：胖大海洗净，放入茶杯中，加入蜂蜜适量，用开水冲泡，加盖，3分钟后开盖搅匀即可。用法：代茶饮。4.利咽茶功效：滋阴润肺，清热利咽。也适用于、咽喉肿痛。配料：桔梗、麦冬、玄参、沙参各12克，胖大海10克，甘草、木蝴蝶各3克。制作：将上述7味药同放入大茶杯中，用开水冲泡。用法：每日1剂。5.银花蜂蜜粥功效：清热解毒。配料：蜂蜜、金银花各50克，大米100克。制作：金银花洗净，加水2碗，放在文火上煎煮，剩1碗时去渣取汁;大米淘净煮粥，煮至半熟时倒入金银花汁，同煮成粥，食前加入蜂蜜搅匀。用法：早晚餐服。,咽炎预防1. 在急性期应及时选用抗病毒、抗菌药物治疗，勿使急性转为慢性，在慢性期抗菌药物一般是不需要的;2.及时治疗、、下呼吸道疾病，包括病;3.勿饮烈性酒和吸烟，饮食时避免辛辣、酸等强刺激调味品;4.改善工作生活环境，结合设备的改造，减少粉尘、有害气体对身体的刺激;5.生活起居有常，劳逸结合，及时治疗各种慢性疾病，保持每天通便，清晨用淡盐水漱口或少量饮用淡盐水(、患者勿饮盐开水);6.适当控制用声，用声不当、用声过度、长期持续演讲和演唱对治疗不利。,,,,health39,1
痱子,一、症状1、红痱：（1）基本损害为针头大尖顶的丘疹或丘疱疹，周围绕以红晕，呈密集排列，但不融合。（2）多发于额，颈，胸，背，肘窝，腘窝等部位。（3）自觉有痒和灼热感。2、白痱：（1）皮损为非炎症性针头大小，半透明水泡，泡壁薄，轻擦易破。（2）好发于躯干部，尤其是胸部。（3）无自觉症状。3. 脓痱：在发生脓痱前有其他皮炎导致汗管损伤、破坏或阻塞而诱发。脓疱明显、浅表并与毛囊相分开。瘙痒性脓疱最常见于间擦部位、四肢曲侧、阴囊和卧床患者的背部。4. 深痱：只在热带发病，且常发生于严重的红痱之后。特征是不痒，正常皮肤色，深在性淡白色的丘疹。出汗后几分钟开始出现，出汗停止后1～2小时开始消退。好发于躯干和四肢。二、诊断红痱1.高温、闷热天气发病;2.皮损为针状大小的炎症性丘疹和丘皰疹，密集而不融合;3.好发前额、鼻、颈胸、背等处。 二、白痱1.高热而大量出汗患者或长期卧床患者发病;2.皮损为非炎症性针头大、薄壁、半透明水皰，无症状;3.好发于胸腹部。,一、病因1、汗液排泄不畅（35%）：在下列情况下，易发生痱子：在高温潮湿季节，排汗功能尚未健全的婴幼儿、幼童及体胖多汗的成人或长期卧床病人等因汗液排泄不畅，汗孔阻塞而发病。2、病理变化（30%）：痱子的发生有3个步骤：小汗腺导管的角质栓形成，导管破裂和汗液外渗至阻塞水平以下部位。导管阻塞水平决定了粟粒疹的类型，角层内的浅表角质栓引起白痱，导管恰好在角栓下方破裂，形成隆起的透明小水疱，顶部完全由角层细胞构成。表皮较深在部位的阻塞导致红色粟粒疹，此型可出现红斑和瘙痒，这是因为汗液损伤表皮细胞后释放的酶刺激皮肤感受器所致。表皮真皮交界处的汗管阻塞，使汗管真皮部的上端破裂，从而在浅层真皮内发生汗液潴留，导致深痱形成。3、维生素A缺乏（20%）：此外维生素A缺乏患者，皮肤角质层增厚，汗腺导管因潴留的汗液而肿胀，致使汗孔变窄或阻塞。,一、治疗原则1.保持室内通风凉爽，勤洗澡;保持皮肤清洁、乾燥;2.避免搔抓，勿用肥皂洗擦;3.可服清热、利湿、解暑的中药或制剂;4.可外用消炎、止痒制剂;5.继发感染者可使用抗生素。二、用药原则1.痱子一般外用消炎止痒制剂即行;2.可同时服清热解暑的中药或中药制剂;3.有继发感染者可使用抗生素。,可进食清凉解暑药膳，如绿豆糖水、绿豆粥、清凉糖水等。忌食辛辣刺激性食物及浓茶、咖啡。,1.时保证每日用温水洗浴2～3次，以保持皮肤清洁，浴后擦上痱子粉。孩子从外边回来后不要用冷水洗浴，因为经冷水一浇，原先张开的汗孔会突然闭塞、汗液潴留，极易引发痱子或加重病情。2.孩子生了痱子，切忌涂抹软膏或油类制剂。3.避免烈日光照射。4.勤更内衣，穿着宽松单薄布料衣服，这样就可以避免痱子的发生。5.出现大面积痱毒，应及时到医院治疗。,,,,health39,1006
麻疹,一、症状：1.典型潜伏期：一般为10天&plusmn;2天(6～21天)，感染严重或经输血获得感染者潜伏期可短至6天，接受过免疫制剂(全血、血清、免疫球蛋白等)或曾接种过麻疹疫苗而发病时，则潜伏期可延长至3～4周。此期临床上主要表现：在潜伏期末1～2天已可从上呼吸道分泌物中排出麻疹病毒。有些患者于接触麻疹患者数小时后，可出现暂时性轻度上呼吸道症状及，甚至有一过性，但甚罕见。麻疹典型病程可划分为三个阶段：前驱期、出疹期和恢复期。1)前驱期：一般持续3～5天，体弱及重症可延长至7～8天，而曾接种过麻疹疫苗或有被动免疫力者则可短至1天。此期临床上主要表现：体格检查可见及部黏膜明显，上呼吸道(包括结合膜)炎症的卡他症状，常伴，甚至、等。有发热、、、流眼泪、等，伴有不同程度的全身不适。发热常日低夜高，逐日升高，可达39～40℃，婴幼儿可发生，年长儿或成人常诉、、、。咳嗽渐加重，多半为，因上呼吸道黏膜炎症常下延至部、气管、支气管，咳嗽往往带嘶哑声，年幼儿甚至出现和困难。发病后2～3天可在第一对面的颊黏膜上出现科氏斑，为麻疹前驱期的特征性体征，有麻疹早期诊断价值。此种细小口腔内疹，呈白色，为0.5～1mm针尖大小，散在于鲜红湿润的颊黏膜上。初起时仅几个，很快增多，且可融合，扩散至整个颊黏膜，以及内侧、龈等处，也偶见于眼睑结合膜上，极少发生于硬、软。斑点数目少时易在日光下见到细小白点，周围，数目众多时可融合成片，仅见充血的颊黏膜上有细盐样突起颗粒。科氏斑一般维持2～3天，迅速消失，有时在出疹后1～2天还可见到。个别患者在前驱期开始时见到颈、胸、腹部出现样或样或样皮疹，数小时内就消退，称为前驱疹。有时在腭垂(又称悬雍垂)、扁桃体、咽后壁、软腭处可发现棕红色斑点，出疹期初迅速隐去。2)?出疹期：皮疹：起病后3～5天当呼吸道卡他症状及发热达高峰时开始出现皮疹，常在见到科氏斑后1～2天。首先从后发际出现淡红色斑，渐及头部前额、脸面、颈部，自上而下扩展至胸、腹、背，最后达四肢，直至手心脚底，2～3天就波及全身。皮疹以为主，开始时颜色鲜红，压之退色，大小不等，平均直径2～5mm，分布稀疏分明，至出疹高峰时皮疹数目增多，聚集融合成片，色泽也渐转暗，但疹间仍属正常，偶见小或细小出血性皮疹。其他器官病变症状：病情严重时，尤其伴有心竭时，皮疹颜色可突然转暗，并快速隐退。随出疹达到高峰全身中毒症状加重，体温进一步升高，可达40℃以上，精神委靡、嗜睡倦怠，或终日，咳嗽加重有痰、唇干燥、咽极度充血、，分泌物多。颈部结及肝，部常闻干、湿。胸部X线检查，可见纵隔淋巴结增大，。普种疫苗前年代成人较少患野毒株麻疹病毒引起的自然感染，出疹期中毒症状成人常比小儿为重，皮疹也都密集，但并发似较婴幼儿为少。3)恢复期：若无并发症，单纯麻疹自起病至疹退一般病程为10～14天。此期临床上主要表现：在单纯麻疹患者，当皮疹和中毒症状发展到高峰后，体温常于12～24h内较快下降，随之患者精神好转，呼吸道症状减轻，但咳嗽常可延续较久，食欲大大好转。一般体温下降后2～3天皮疹按出疹顺序依次消退，留下浅棕色斑，伴糠麸样细小，以躯干为多，2～3周内退尽。2.非典型麻疹 根据麻疹病毒基因差异、毒力强弱，进入人体数量多少，以及患者年龄大小、健康状况、营养优劣、免疫力的高低等，麻疹的临床发展过程除大多为典型麻疹外，在部分病例尚可呈现以下非典型表现。1)轻型麻疹：大多因体内对麻疹病毒有一定的免疫力所致，如6个月前婴儿尚留有来自母体的被动免疫，或近期注射被动免疫制剂，或以往曾接种过麻疹疫苗，以及第二次感染发病者，都可表现为轻症。轻型麻疹潜伏期可延长至3～4周。此型临床上主要表现：发病轻，前驱期短而不明显，呼吸道卡他症状较轻，科氏斑不典型或不出现，全身症状轻微，不发热或仅有低中度热。皮疹稀疏色淡，病程较短，很少并发症，但病后所获免疫力，特异抗体上升滴度与患典型麻疹者基本相同。现已证实麻疹也有不少隐性感染或无皮疹型麻疹，只能依据病后血清特异抗体增加来证实。2)重型麻疹：大多由于患者体质弱，有其他疾病，、免疫力低下或伴有继发性细菌感染等，使麻疹病情加重，如中毒性麻疹，因麻疹病毒感染严重。此型临床上主要表现：起病不久即出现高热40℃以上，伴有严重中毒症状，往往，呼吸急促，唇指，反复惊厥，，呈暗红色，皮疹密集，融合成片。皮疹可呈出血性，形成，甚至伴发、、、等(出血性麻疹)，有时皮疹呈疱疹样可融合成大疱(疱疹样麻疹)。有些年幼体弱小儿麻疹皮疹疏淡，未能出透，未及手足心，或皮疹突然隐没，体温下降低于常温，或青灰色(中医称白面痧)，四肢厥冷，大多因或引起(性麻疹)，心率快速、细弱，或困难。并发重症细菌性(金黄色葡萄球菌)或其他()等也常属重症，常发生，病情重危，病死率高。3)异型麻疹：主要发生在以往接种过麻疹灭活疫苗者，当接种4～6年后再接触麻疹急性期患者，就可引起异型麻疹。潜伏期为7～14天。此型临床上主要表现：多数患者无典型科氏斑。前驱期可突发高热，达39℃以上，伴头痛、、、乏力等，而不明显，可有干咳，多半无流涕、眼泪、眼结合膜炎等。起病后2～3天出现皮疹，从四肢远端腕部、踝部开始，向心性扩散到达四肢近端及躯干，以下身为多，很少扩散到乳头线以上部位，偶见于头面部。皮疹一般呈黄红色斑丘疹，有时呈2～3mm大小的小疱疹，有痒感，消退时不，皮疹偶呈瘀点、或荨麻疹样，常伴四肢。呼吸道症状虽不严重，但肺部有时可闻啰音。X线检查可见肺门及肺部片状阴影。此种肺炎可反复延续1～2年。有些患者可表现为肝、肿大、肢体麻木、和，也可临床上不出现明显皮疹，而有其他脏器病变症状。4)免疫低下者患麻疹：无论患先天性或继发性免疫低下(如肿瘤患者、皮质激素治疗者、营养不良免疫力等)，若发生麻疹常患重症，病死率也较高，有报告肿瘤患者的麻疹常不出现皮疹，而一半以上可发生麻疹巨细胞肺炎，并容易并发。5)孕妇和新生儿麻疹：易感孕妇患麻疹病情相对较重，有报告54%因原发麻疹肺炎及其他呼吸道并发症住院。孕妇患麻疹虽不像患风疹易使胎儿发生畸变，但常在早期引起、稍晚可引起自然或和。患麻疹的孕妇前可经胎盘将病毒传给胎儿，使刚出生的新生儿也可发生麻疹，病情轻重不等，但往往无明显前驱症状而发疹较多。二、诊断标准：由于麻疹疫苗的广泛采用，近些年来不典型麻疹和轻型麻疹病例较多，给诊断带来一定困难，也在一定程度上影响了治疗和防疫工作的及时性。为帮助大家掌握麻疹的诊断，卫生部特下发诊断标准(试行)。1)疑似病例：患者(多为儿童)有发热、咽红等上呼吸道卡他症状及畏光、、结合膜红肿等急性症状。发热4天左右，全身皮肤出现红色斑丘疹。与麻疹患者在14天前有接触史。2)确诊病例：①在口腔颊粘膜处见到柯氏斑。②咽部或结合膜分泌物中分离到麻疹病毒。③1个月内末接种过麻疹疫苗而在血清中查到麻疹免疫球蛋白M抗体。④恢复期血清中麻疹免疫球蛋白G抗体滴度比急性期有4倍以上的升高，或急性期抗体阴性而恢复期抗体阳转。临床诊断：疑似病例加①项。临床诊断：典型麻疹根据流行病史及临床表现不难诊断。易感者在3～4周内有麻疹接触史，表现发热、流鼻涕、咳嗽、眼结合膜充血、畏光、流泪等上呼吸道卡他症状，即应疑及麻疹，如发现科氏斑，则可基本确诊。出疹后根据皮疹特点，分布情况也易作出诊断。疹退后有屑和色素沉着有助于诊断。出疹期外周血白细胞总数减少为麻疹特点。前驱期患者鼻咽分泌物、痰和中可找到融合上皮巨细胞，以免疫荧光法还可查到麻疹抗原，可作为早期诊断依据，从组织培养中分离麻疹病毒阳性率不高。血清血凝抑制抗体、中和抗体和补体结合抗体检测，恢复期滴度较病初上升4倍以上或早期特异IgM增高均有诊断价值。非典型麻疹临床诊断不易，大多需借助抗体测定或分子生物学基因检测，才能确立诊断。,(一)发病原因病毒属副黏液病毒科(paramyxoviridae)、麻疹病毒属(morbillivirus)，与其他副黏液病毒不同之处为无特殊的神经氨酸酶活力。1.形态与结构麻疹病毒为球形或丝形，直径约120nm～250nm，核心为单负链，不分节段，基因组全长约16kb，基因组有N、P、M、F、H、L 6个基因，分别编码6个结构和功能蛋白：核蛋白(nucleoprotein，NP)、磷酸化蛋白(phosphoprotein，P)、M蛋白(membrane protein，M)、融合蛋白(fusion protein，F)、血凝素蛋白(hemagglutinin，H)和依赖RNA的RNA聚合酶(large polymerase，L)。核衣壳呈螺旋对称，外有包膜，表面有两种刺突，即HA和素(haemolyxin，HL)，它们的成分都是糖蛋白，但性质各异。HA只能凝集猴红细胞，还能与宿主细胞受体吸附。HL具有溶血和使细胞发生融合形成多核巨细胞的作用。HA和HL均有抗原性，产生的相应具有保护作用。麻疹病毒包膜上无神经氨酸酶。2.培养特性病毒可在许多原代或传代细胞(如人胚肾、人羊膜、Vero、HeLa等细胞)中增殖，产生融合、多核巨细胞病变。在胞浆及胞核内均可见嗜酸性包涵体。3.抗原性麻疹病毒抗原性较稳定，只有一个血清型，但近年来的研究证明，麻疹病毒抗原也有小的变异。根据核苷酸序列不同，世界上流行株可分为8个不同的基因组，15个基因型。4.抵抗力病毒抵抗力较弱，加热56℃30分钟和一般消毒剂都能使其灭活，对日光及紫外线敏感。长年以来一直认为麻疹病毒是遗传性、抗原性稳定的一种病毒，只有一个血清型，但从20世纪80年代以来世界各地分离到的麻疹病毒野毒株，与五六十年代相比，在生物学特性和抗原性上出现不少差异，主要表现为血凝和血吸附性消失，细胞培养敏感范围缩小及发生抗原性漂移。通过测定各地流行的麻疹病毒野毒株基因序列，发现存在各种基因变异。2001年WHO将其划分为八个基因组(A，B，C，D，E，F，G，H)和20余个基因型(A，B1-3，C1-3，D1-9，E，F，G1-3，H1-2)。A型：首次于1954年分离到，在全世界分布广泛，几乎包含了所有疫苗株病毒。B型：1983首先在非洲分离到。C型：70年代曾在美国分离出，以后则在欧洲流行，近年来在高免疫率地区中造成几次暴发流行。D型：D1型于1974年在英国首先发现，其后D3～D5型在亚洲流行，我国台湾也分离到D3型，在南非、美洲近年来有D3，D6型流行。E型：1971在美国发现，德国也有，现已不再流行。F型：1979于西班SSPE患者中发现，G型1983于美国发现。H型：1998年我国首次报道麻疹野毒株分子流行病学情况，证实1993、1994年分离到H型，湖南、山东、河北、北京、海南、安徽等地分离到了H1型，后在越南分离到H2型。上述麻疹野毒株的分子流行病学研究有利于找到麻疹病毒发生变异的因素;鉴定变异毒株及其起源地，流行途径等，对改进现有麻疹疫苗，更好更快地达到消除麻疹的世界目标十分重要。(二)发病机制1.发病机制 通过动物实验和志愿者的试感染，对无并发症的麻疹病毒感染过程有比较完整的了解。麻疹病毒随患者喷射的飞沫小滴侵犯易感者的部和呼吸道其他部位或结合膜进入人体，病毒在上皮细胞内生长繁殖，引起感染。第1～2天：受感染后病毒在入侵的局部黏膜细胞中迅速繁殖，并侵入局部组织，进入白细胞;第1～3天：并引起第一次病毒。病毒随血循环由单核白细胞携带，散播到肝、、骨髓、淋巴结等网状内皮组织及其他脏器的淋巴组织中大量繁殖扩散，第3～7天：发生第二次大量的病。血液中受病毒侵犯的主要为单核白细胞，病毒在T细胞、B细胞中也都繁殖良好。机体的上皮细胞和内皮细胞都可受病毒感染，引起炎症和。受感染的组织广泛，包括肝、脾、胸腺、淋巴结、、眼结合膜，整个呼吸系统从上呼吸道直到部等，此时临床症状达高峰(前驱期)。随呼吸道卡他症状出现1～3天后，黏膜出现科氏斑(Koplik&rsquo;spots)，继而皮肤发生斑。第11～14天：此时麻疹病毒在入侵细胞内，破坏细胞，引起炎症，导致临床症状明显，症状也可由于炎症产物引发所致。对和科氏斑的发生机制一般有三种解释：①皮肤血管内皮细胞中病毒抗原与机体抗体发生作用，激活不同反应引起皮肤损害;②病毒直接损害黏膜皮肤的血管内皮细胞;③皮肤血管内皮细胞中T细胞诱导病毒抗原发生迟发超敏反应。临床上T细胞缺陷者感染麻疹病毒后常不出现皮疹，而无丙种球蛋白血症患者感染麻疹病毒后则照样出疹。第15～17天：各脏器、血液内的麻疹病毒量随体内特异性抗体的上升而迅速下降，直至消失，基本进入恢复期。2.病理变化当麻疹病毒侵犯各类组织和细胞时，主要引起炎症，有广泛单核细胞浸润和细胞坏死、融合形成多核巨细胞，此种巨细胞大小不等，形状不一，可含100个以上的细胞核，胞质内及胞核内均可见到嗜酸性包涵体，也可见到聚合的病毒衣壳体，尤以胞质内为多。佛巨细胞：在单核巨噬细胞系统中见到的多核巨细胞称为华-佛巨细胞(Warthin-Finkeldey cell);存在部位：咽部淋巴组织、扁桃体、支气管旁及肠系膜淋巴结、及肠壁淋巴组织中;上皮巨细胞：在呼吸道和肠道黏膜、皮肤上皮表层等组织找到的融合多核巨细胞称之为上皮巨细胞。呼吸道卡他症状明显时，呼吸道上皮巨细胞常从表面落，可在呼吸道分泌物中找到，有一定诊断意义。麻疹皮疹病理活检中可找到典型的上皮巨细胞，皮肤上皮细胞，空泡，出现坏死，继而角化。皮疹真皮层毛细血管内皮细胞肿胀、增生，伴淋巴细胞和组织细胞浸润，血管扩张，也曾在皮疹处找到病毒抗原。科氏斑病变与皮疹相仿，可坏死成小，大多为病毒血症结果，而非原发病灶。呼吸系统病变：单纯麻疹过程中，病理损伤以呼吸系统、淋巴组织及黏膜皮肤为主。呼吸系统：病变较显著，黏膜有、单核细胞浸润，甚至黏膜坏死，形成溃疡。肺部：发生间质性，以多核巨细胞病变为主，称麻疹巨细胞肺炎(Hacht巨细胞肺炎)，尤多见于免疫功能低下的患者。当并发时，则可有肺实质化脓性炎症。肠壁和阑尾的淋巴细胞：可见含包涵体的多核巨细胞和炎症改变，麻疹患者的脑和可呈现肿胀充血，可见散在出血灶，血管周围渗血及淋巴细胞浸润，后期可见中枢广泛的鞘病变。3.麻疹的恢复和抗再感染麻疹病毒感染的恢复主要依靠、特异抗体和的产生，三者同时在疾病早、中、晚期发生复杂的互动作用。单纯免疫球蛋白缺乏者如得麻疹，其疾病过程仍如一般正常人，病愈后也未出现重复感染;而细胞免疫低下者患麻疹即使采用大剂量免疫球蛋白治疗，其麻疹病程常较严重、迁延不愈，常因而致死。故认为在麻疹恢复过程中细胞免疫所起的作用可能比体液免疫更为重要，然而在预防麻疹感染中血清抗体却起着重要作用，被动免疫的防病机制即在于此。因此，对麻疹病毒的免疫应答应该是机体综合的免疫功能。(1) 特异抗体的升降：自然感染：麻疹病毒自然感染后4～10天血凝抑制抗体和中和抗体就在血液中开始上升，而于4～6周达高峰，1年后下降到1/4，但几乎终身保存一定水平，如不再接触麻疹病毒，15年后抗体水平可降至1/16，仍有一定免疫力。补体结合抗体出现较晚，持续时间也短。原发感染：后产生的抗体基本都存在于IgM和IgG中，IgM抗体在发热后2～3天即可在血液中检查到，迅速上升，约10天达高峰，其水平可达1∶10万，30～60天后逐渐下降消失，阳性表示近期感染。IgG抗体可与IgM同时或稍晚出现，25～30天达高峰，以后抗体水平渐渐下降，6个月内降至1/4～1/2，以后下降缓慢，维持在低水平，阳性常表示以往感染，在呼吸道局部还可检出sIgA分泌增高。一般在出疹后几天IgG抗体就可高达1∶10万、血凝抑制抗体&ge;1∶512。从麻疹病毒分子生物学分析中观察到病毒各种基因编码的结构蛋白在感染机体后都可引起各自相应的抗体，其消长动态也各不相同。如抗N、P蛋白抗体在麻疹出疹时就能查到，且滴度上升很迅速，不久即达高水平。抗H蛋白抗体能阻止病毒吸附于敏感的宿主细胞，在皮疹出现时也已可检出，2～3周内滴度明显上升。抗F蛋白抗体能阻止病毒在细胞间扩散，其血液中抗体滴度始终稳定在较低水平，H血凝抑制抗体和F血溶抑制抗体都在中和病毒时起作用，是防止再感染的主要抗体，后者比前者更重要。M膜蛋白抗体在疾病初期3周内只能有50%患者呈阳性，抗体水平也较低。患麻疹后能长期保存抗麻疹病毒的免疫力，其机制至今尚不十分清楚，有人认为与患病后曾反复再接触麻疹病毒有关。再接触麻疹病毒后往往不发生明显症状而呈隐性感染，但体内抗体滴度可再次上升，增强特异免疫力。此外，认为对麻疹病毒产生的细胞免疫在预防麻疹再感染中发挥重要作用，即使在抗体水平下降到最低时也能保护机体不发生再感染。(2)特异的细胞免疫反应：麻疹感染过程中，CD8+和CD4+T细胞被激活，参与清除病毒和导致出疹的过程。麻疹病毒感染可引起宿主细胞免疫反应，使T细胞致敏，可出现对麻疹病毒特异的I和Ⅱ类具有细胞毒的T细胞，可引起细胞病变，释放淋巴细胞活性因子，导致单核细胞浸润，多核巨细胞形成和受侵细胞的坏死，同时也使病毒感染终止。(3)非特异免疫反应：麻疹过程中尚伴有其他非特异免疫反应：如补体系统受抑制;C3，C4，C1q及C5下降，淋巴细胞转化反应受抑，T细胞和B细胞均减少。血清免疫球蛋白IgA下降、IgM上升，而IgG改变不多。急性期中性粒细胞移动能力减弱，白细胞(包括中性粒细胞和淋巴细胞)总数下降，。皮肤迟发性超敏反应在自然感染和疫苗接种后都可减弱，这可能与麻疹时细胞免疫反应有关，常由抑制性细胞因子白细胞介素-4的上升引起。由于麻疹病毒感染过程中机体各种免疫反应明显下降，因而使患者原有的、症、等疾病暂时得到缓解，但患者却容易出现肺部，原有灶可出现恶化，结核菌素反应原先呈阳性者，麻疹时或其后可暂时转阴性，伤口愈合也往往迟缓等不良后果。(4)干扰素：干扰素(IFN)是一种广谱抗病毒剂，并不直接杀伤或抑制病毒，而主要是通过细胞表面受体作用使细胞产生抗病毒蛋白，从而抑制病毒的复制;同时还可增强自然杀伤细胞(NK细胞)、巨噬细胞和T淋巴细胞的活力，从而起到作用，并增强抗病毒能力干扰素是一组具有多种功能的活性蛋白质(主要是糖蛋白)，是一种由单核细胞和淋巴细胞产生的细胞因子。它们在同种细胞上具有广谱的抗病毒、影响细胞生长，以及分化、调节免疫功能等多种生物活性。作用：感染麻疹病毒或接种麻疹活疫苗后6～11天时可在血清中出现干扰素水平上升，持续30天后消失，此种由麻疹病毒引起的干扰素具有保护作用。,(一)治疗前应注意问题：1、护理人员要戴好口罩或注射疫苗，以防交叉感染。2、居室应常通风，因在阳光下或流动空气中20分钟麻疹病毒会失去致病力，但要避免病人被风直接吹到，为避免阳光直晒，可用深色窗帘遮盖，室内应保持一定的温湿度，地面可泼洒一些水。3、由于病人消耗较大，应鼓励病人少量多餐，进食一些流质、半流质饮食，多喝开水。4、前期、出疹期体温在39.5摄氏度以上时可以用紫雪散、柴胡、清热解毒散等缓和的退热剂退热，把握热度不能降得过猛，以免剧烈的退热会使疹子发散不充分，头部可敷温湿毛巾，切忌酒精擦浴、冰袋降温。5、应保持湿润清洁，可用盐水漱口，每天重复几次。6、一旦发现手心脚心有疹子出现，说明疹子已经出全，病人进入恢复期。如果病人出现，，加剧，翼煽动，口周紫红，四肢冰凉，细弱，心率加快，引退或出疹不全，，哮吼样咳嗽，或等症状，说明病人有其他合并症，应立即送医院治疗，小儿的病情观察更应家长留心，防止延误病情治疗。(二).并发症的治疗(1)：治疗同一般炎，疑时应选用1～2种抗菌药物治疗，中毒症状严重者可短程皮质激素治疗，症状好转即减量停药。缺氧者供氧，进食少可补液，总量及钠盐不宜过多，速度宜慢，以免增加负担。体弱、病重迁延不愈者可多次少量输血或血浆，中药可用麻杏石甘汤加减。(2)：室内湿度宜增高，并蒸气吸入，2次/d或3次/d，呼吸道梗阻缺氧者供氧，可选用抗生素及地塞米松静脉滴注，烦躁者采用及镇静剂有一定帮助，梗阻明显者尽早考虑气管插管或切开。(3)心血管功能不全：应及时应用快速洋地黄类药物如毒毛花苷K等缓慢静脉注射，同时服用呋塞米(速尿)等剂，可缓解病情。有外周者应按感染性处理。(4)：处理基本同乙型脑炎，重点采用对症治疗，高热者设法降温，惊厥者止惊，、者加强护理，防止等。至今尚无特殊治疗方法。中医认为系热毒蕴于二经所致，治则为初热期应驱邪外出，宜辛凉透表，可用宣毒发表汤或升麻葛根汤加减，外用透疹药以促疹出，用生麻黄、芫荽子、西河柳、紫浮萍各15g，置锅内煮沸，以其热气蒸熏患者，待药汁稍冷后可用其擦洗面颈、四肢等，以助透疹，须注意保暖和防止。见形期(出疹期)治疗宜清热、解毒透疹，除继续外用透疹药蒸洗外，可内服清热透表汤，热症重者可用三黄石膏汤或犀角地黄汤。体虚、面白、肢冷者宜用人参败毒饮或补中益气汤。收没期(恢复期)热降疹收时宜养阴清热，可服沙参麦冬汤或竹叶石膏汤加减。,1、患者应该多吃的食物：应给以营养丰富、高、易消化的流逝、半流食，并注意补充水分，可给予果汁、先芦根水等，少量、多次喂食，摄入过少者给予输液，注意水电解质平衡。恢复期应逐渐增加食量。,【预防】(一)隔离传染源：可嘱病人到传染病医院进行住院治疗，在家隔离治疗时应尽量减少与他人接触。病人隔离至出疹后5天，伴有呼吸道并发症者隔离期延长至出疹后10天。(二)切断传播途径：对室内环境进行消毒，室内湿式扫除，开窗通风使病毒迅速排出室外。潜伏期为7-21天(10-11天为常见)，集体单位应在最后一例病人发病后21天内观察有无新的可疑病例，一旦出现，立即与当地卫生防疫部门联系，同时医学观察期从新病例发生时间顺延21天。集体单位发生病例后医学观察期内停止集体活动，减少病毒的传播范围。(三)保护易感人群：接种疫苗是预防麻疹最有效的措施，因此对5年内未接种过麻疹疫苗者，45岁以下无麻疹患病史者，均应尽快应急接种。提高人群免疫力是预防麻疹的关键，故对易感人群实施计划免疫十分重要。如发现麻疹病人，则应采取综合措施防止传播和流行。(1)自动免疫　易感者都应接种麻疹减毒活疫苗。初种年龄不宜小于8个月，因恐来自母体的中和疫苗病毒，使之失效。我国目前定于8个月时初种，4岁时加强一次。国外主张在15个月时初次接种更为保险，并认为在1岁以内接种者，应于1年后加强一次。疫苗应保存在2～10℃暗处，每次皮下注射0.2ml，1次即可。各年龄剂量相同，于麻疹流行季节前一个月接种最好。易感者在接触麻疹病人后2日内，若应急接种麻疹疫苗，仍可防止发病或减轻病情。流行时易感者80%接种了疫苗，可于2周内控制流行。接种疫苗后反应轻微，5～14日后可有数日，偶见稀疏淡红。注意事项：有发热和急、慢性疾病者，应暂缓自动免疫;有体质、活动性结核、恶性肿瘤、及应用免疫抑制剂或放射治疗和先天性者，不应接种麻疹减毒活疫苗;凡8周内接受过输血或血制品及被动免疫制剂，以及4周内接受其他病毒减毒活疫苗者均应推迟接种，以免影响效果。接种麻疹减毒活疫苗后血清抗体都有上升，阳性率可达95%～98%，最早于12天血液中即可出现血凝抑制等抗体，1个月时达高峰，抗体效价在1∶16～1∶128。2～6个月后渐降，一般仍维持一定水平。部分接种者4～6年后可全部消失，故复种年龄可在4～6岁时。婴儿主动免疫覆盖率达到90%以上时，可形成无病区。有些国家将麻疹疫苗与疫苗，疫苗同时接种，不影响其免疫效果。(2)被动免疫　年幼体弱及患病者如接触麻疹病人，5天内进行被动免疫可免于发病，5～9天内进行则仅能减轻病情。可肌注丙种球蛋白(10%)0.2ml/kg，或胎盘球蛋白0.5～1.0ml/kg，或成人血浆20～30ml。被动免疫力仅能维持3～4周，3周后又接触麻疹患者需再注射。疫苗知识：何时接种麻疹疫苗最好根据我国儿童免疫程序，麻疹疫苗初种时间为生后8个月最佳，复种为7岁左右最佳。这是我国医务工作者分别对不同接种时间所产生的免疫抗体进行调查后确定的。调查中发现：4-5个月婴儿接种后抗体的阳性率为43.7%，6个月87.5%，8个月为85%，12个月为98%，说明6个月以前婴儿注射麻疹疫苗后抗体的阳性率并不高。其主要原因是胎儿从母体中已获得了对抗麻疹的抗体，生后尚未消失，干扰了接种麻疹疫苗后抗体的产生。在60年代，由于当时小儿麻疹的发病率很高，所以初种年龄定为6个月。以后由于麻疹的发病率逐年降低，从1977年起，改为生后8个月初种，但比起美国的初种年龄(生后15个月)还算是较早的。随着时间的推移，接种过麻疹疫苗的小儿体内产生的抗体会逐年降低。初种后4年，抗体阴转率为17%，初种后12年达43.6%，所以7岁时应再复种一次最佳。复种后，95%以上小儿抗体转为阳性，又产生了较强的抗病能力。【预后】麻疹的预后与患者免疫力强弱关系甚为密切，年幼体弱，患，或其他疾病者，特别是功能低下者病情较重，常迁延不愈，易有并发症。护理不当、治疗不及时也常加重病情，而早期诊断，及早采用自动免疫或被动免疫，有助于减轻病情。,,,,health39,995
扁桃体炎,扁桃体炎症状诊断一、症状体征：症状轻重不一。由病毒引起者，局部及全身症状皆较轻，扁桃体充血，表面无渗出物。由细菌所致者症状较重，起病较急，可有恶寒及高热，体温可达39～40℃。幼儿可因高热而抽搐。咽痛明显，吞咽时尤重，甚至可放射到耳部。病程约7天左右。二、检查：可行血常规检查和尿液检查。三、诊断：根据临床表现和相关检查，不难得出诊断。,扁桃体炎疾病病因一、病因：病原体通过飞沫、直接接触等途径传入，平时隐藏在扁桃体小窝内，当人体因劳累、受凉或其他原因而致抵抗力减弱时，病原体迅速繁殖而引起发病。炎症自小窝开始，再遍及整个扁桃体。急性炎症时，扁桃体实质内充血，有多形核白细胞浸润，在粘膜表面，可见黄白色斑点。扁桃体明显，并可形成多数小脓肿。小窝内由纤维素、脱落上皮和脓细胞等组成的脓性渗出物向小窝口排出，故在扁桃体小窝口可见脓点。慢性炎症的病理改变明显，淋巴细胞、网状细胞增生活跃，扁桃体肥大。小窝粘膜上皮增厚、表面角化过度或形成小溃疡。角化物、炎性渗出物、脱落上皮细胞、白细胞、细菌等混合形成干酪样物的栓子，塞于小窝口。长期炎症可致扁桃体内小血管闭塞，淋巴组织，逐渐为结缔组织代替，此后扁桃体日益缩小，最后导致扁桃体纤维化。小窝口因瘢痕而狭窄，其内容物难以排除，常成为病灶。二、发病机制：暂无相关资料。,一、扁桃体炎西医治疗发热，全身症状较重者，应卧床休息。儿童(39℃以上)，应给以物理降温，用凉水袋或冰袋冷敷头颈部，腋窝、腹股沟处。宜吃软质或半流质， 营养丰富，清淡易消化食物，水。忌刺激性食物。饭后淡盐水漱口。早期可用复方新诺明，成人首次2克，以后每次1克，每日2～3次口服，儿童每公斤体重首次50毫克，以后25毫克，每日2～3次口服。二、扁桃体炎中医治疗单验方西月石5克，顶腰黄、煅人中白0.5-1克，白芷末0.5-l克，百寿老梅片0.1克，薄荷末0.1克。上药研极细末，使药物和匀，研药粉反出亮光为佳。将药末吹至患处，每4小时1次。取、内庭、曲池、天突、少泽、鱼际穴。每次选3-4穴，强刺激泻法，每日1次。外治用锡类散、冰硼散吹，每2小时1次。,扁桃体炎饮食保健食疗：①萝卜100克，橄榄50克，蒲公英15克，共捣碎，装入小布袋中，加水适量，水煎20分钟后取汁，再与大米50克菜煮成稀粥。每日服2次。②白萝卜250克，青果5克(打碎)和金银花20克，共装入纱布袋内，与萝卜煮汤，加食盐、味精适量，调味服食。每日2次。,扁桃体炎预防1.的病人应养成良好的生活习惯，保证充足的睡眠时间，随天气变化及时增减衣服，去除室内潮湿的空气，都是重要的。对于患病儿童，应养成不挑食、不过食的良好习惯。2.坚持锻炼身体，提高机体抵抗疾病的能力，不过度操劳，若劳累后应及时调整休息。戒除烟酒，是预防的重要一点。3.患扁桃体急性炎症应彻底治愈，以免留下后患。4.预防各类传染病、流行病。流食或半流食，发热高者町用酒精擦浴，协助降温。,,,,health39,1012
儿童腹痛,多见于3个月以下的幼婴，常由于喂养不当或吞空气过多所致。嵌顿性疝以及肠道感染多见于两岁内小儿。肠道感染、肠寄生虫病、胆道、大叶性、腹型等以年长儿为多见。2.腹痛发生的急缓：起病急缓对鉴别诊断往往具有重要意义。发病急骤或阵发性加剧者常为外科性疾病，如急性、绞窄性、胃肠道穿孔、肠套叠及嵌顿等。发病缓慢而持续者常为内科性疾病，如肠蛔虫症、胃及、及病毒性等，但要注意有时和的病因可以相同，这是因为疾病在不同阶段其性质发生变化所致，如病原属慢性腹痛，在合并穿孔时即为。故对原有慢性腹痛者，如腹痛转为持续性或突然，应注意急腹症的可能。3.腹痛的性质：腹痛可为阵发性疼痛、或轻度。阵发性疼痛或有梗阻性疾病，若局部喜按或热敷后腹痛减轻者，常为胃、肠、胆管等空腔脏器的;持续腹痛加剧多见于胃;持续性，改变时加剧、拒按，常为腹腔脏器炎症、包膜牵张，肿瘤以及腹膜脏层受到刺激所致。隐痛多见于。为一个局部通过神经或邻近器官而波及其他部位的疼痛如引起同侧。腹痛伴排粪或排尿困难，可能为粪块堵塞或、。总之，腹部器质性病变的疼痛特点为：①持续性钝痛，阵发性加剧;②局部明显;③有腹肌;④音异常。4.腹痛的部位：一般腹痛的部位与病变的部位相一致。5.伴随症状：应注意腹痛与发热的关系。6.既往史：应详细询问患儿既往有无类似腹痛发作，大便排虫和史，应了解发病前有无外伤，饮食卫生和进食何种食物等，均有助于腹痛原因的诊断。,一、病因腹内疾病（30%）：急性胃炎，胃肠炎，胃及十二指肠溃疡，肠痉挛性绞痛，肠及胆道蛔虫症，肠系膜淋巴结炎，急性坏死性肠炎，病毒性肝炎，先天性胆总管囊肿，各种胰腺炎，各种腹膜炎，肝脓肿，膈下脓肿，尿路感染，细菌性痢疾等。腹外疾病（30%）：呼吸系统疾病（上呼吸道感染，扁桃体炎，大叶性肺炎，急性胸膜炎），心血管疾病（急性心力衰竭，心包炎，心肌炎），变态反应性疾病（过敏性紫瘢，荨麻疹，哮喘），神经系统疾病（肋间神经痛，腹型癫痫），代谢性疾病（低血糖症，尿毒症，卟啉病），传染病（伤寒，流行性脑脊髓膜炎）以及败血症，带状疱疹，铅中毒等。儿外科疾病（30%）：急性阑尾炎，胃和十二指肠溃疡合并穿孔，机械性肠梗阻，肠套叠，肠系膜动脉栓塞，急性肠扭转，回肠憩室炎并发穿孔，梗阻，原发性或继发性腹膜炎，嵌顿性腹股沟疝，泌尿道结石，肾盂积水，肝破裂，脾破裂，卵巢囊肿扭转，睾丸蒂扭转，髂窝脓肿等。,(一)病因治疗：根据病因作相应处理。如给予解痉剂。或蛔虫性部分，可用解痉止痛药等治疗。炎性疾病应根据病因，选用有效抗生素治疗。外科应及时手术治疗。(二)对症处理：1.有水和或者，应及时纠正水、电解质失衡及抗休克治疗。2.病因诊断未明确前，禁用吗啡、度冷丁、阿托品等药物，以免延误诊断。疑有、肠梗阻或者，禁用泻剂或灌肠。止痛可用一般镇静剂，3或治疗。方用柴胡散加减：柴胡9g，陈皮6g，川芎、香附、枳壳、白芍各10g，炙甘草3g。若患儿加青皮9g;加白术10g，云苓9g，麦芽12元，鸡内金9g;大便不通加大黄3g，槟榔6g;甚者加元胡9g，木香6g。,食疗方：(资料仅参考，具体请询问医生)下列几种饮食疗法适合儿童应用：1、白萝卜500克，蜂蜜150克。将萝卜切丁，放于沸水中煮熟捞出，晾晒半日，再放锅内加蜂蜜用小火煮沸，调匀，冷却后装瓶，每日服3汤匙。适合于部、、的患儿食用。2、牛奶220ml，蜂蜜30克，鹌鹑蛋1只。将牛奶先煮沸，打入鹌鹑蛋，再煮数分钟后加入蜂蜜即成。每早服用。适合、、纳呆、的患儿用。3、饴糖20克，冲入豆浆250毫升内，煮沸后空腹饮用。适合、手足不温，怕冷的患儿。4、取莲子、糯米、米仁各50克，红糖15克。莲子用开水泡胀，剥皮去心，放入锅后加水煮30分钟后加粳米及米仁煮沸，小火炖至烂，放红糖后食用。适合中上腹、、、苔腻的患儿。患者吃什么好?1、虚寒证 饮食以为宜，忌食生冷与烈性酒浆，可适当选用姜、葱、芥末、胡椒、大蒜、韭菜等作调料。应指导患者注意饮食调养，多选用温中益气之品，如羊肉、牛肉、南瓜、扁豆、山药、莲子、胡桃、龙、大枣、栗子、豆制品、乳类、蛋类等。2、证 气滞或者，应忌食南瓜、土豆及过甜之品等易壅阻气机的食物，可用白萝卜、大蒜、韭菜、香菇、柑橘等有行气温中作用之品作为食疗。3、血 饮食以易消化之温性食品为主，山楂、酒酿有行气功能，可用于食疗。4、食滞证 鼓励患者食用萝卜、金橘、橘子、苹果、山楂等有宽中消食之物。,是儿童常见的病症，几乎每个孩子都有肚子疼的经历，只是症状有轻有重，持续时间有长有短。腹痛分为内科疾病性腹痛及外科疾病性腹痛两大类。因此，引起的原因是多种多样的，其治疗的方法也因病而异。对于出现腹痛儿童，家长和老师不要一发病就给予服用止痛药物，而应对病情进行一定时间观察，剧烈者应及时就医。,,,,health39,974
小儿感冒,小儿感冒症状诊断后怎样护理？护理要点给予充分休息及护理，待症状消失后再恢复活动，避免病根未除尽而发作。总体原则是选择易消化的食物，如流质食物、软质食物，少食多餐。可多喝一些果汁，补充营养。随着病情的好转，消化能力的提高，可适当改变食物稠度，直至可恢复平日饮食为止。发热后先用物理降温，没有作用后才服用适量退烧药。物理降温方法有：局部散热降温、洗温水澡或温水擦浴、冷盐水灌肠等。洗温水澡或温水擦浴效果较好，缺点是冬天难以实施。而局部散热降温法较适合在家中使用。局部散热降温法通常是头部用冷湿毛巾或者冰袋敷，再在血管比较大的地方，如颈部、腋下及腹股敷上冰袋，加速降温。需经常更换冰袋或冷湿巾。多饮水，增加出汗，促进循环，排出毒素，同时有利于降低体温。房间保持安静，保证患儿的睡眠。可以适当地轻声讲故事或听音乐，让患儿放松心情。保持房间空气流通，有助于出汗及降温。但是应避免直接对着患儿吹风。患儿应穿宽松衣裤，以利有效出汗和散热。过后衣服和盖过厚被褥，反而容易诱发高热惊厥。服用退热药后，及时更换有汗的衣服。注意发热患儿的惊厥先兆，防止其发生。对于有高热惊厥的患儿，要在医生的指导下服用“鲁米那”，预防高热惊厥再度发生。患儿口腔内有疱疹或皮肤上有皮疹也需及时看医生。,小儿感冒疾病病因一、病原体多以病毒感染为主，可占源发的90%以上，细菌引起的较少见。病毒感染后，上呼吸道粘膜推动抵抗力，细菌可乘虚而入，并发化脓性感染。1、常见病毒：是普通最重要的病原体，约有50%的上呼吸道感染是由该病毒引起。可致上感、及。也是上感的常见病原，但分离需用特殊方法。还可以引起婴儿、新生儿急性肠至今已鉴定有2个主要血清型和9个亚型。它是婴幼儿呼吸道感染最常见的病原体，多见于新生儿和6 个月以内的婴儿，可引起小流行。该病毒对婴幼儿呼吸道有很强的致病力，症状较重，可有、、、，还可表现为细支及。但对年长儿童主要表现为上呼吸道感染，明显减少。分甲、乙、丙三种血清型。甲型可因其抗原结构发生较剧烈的变异而导致大流行，估计每隔10～15年一次。乙型对人类致病性较低，流行规模较小且局限。丙型只引起人类不明显的或轻微的上呼吸道感染，一般只造成散发流行。该病毒主要引起小儿呼吸道疾病中的上感，也可引起、气管、支气管炎、毛细支气管炎和炎。分1、2、3、4四种血清型。1型称为“红细胞吸附病毒2型”(HA2)，2型称为“哮吼类病毒”Ⅰ型(HA1)。这两种往往引起细支气管炎和肺炎，也常出现哮吼。其中1型是儿童喉气管支气管炎的主要原因。3型经常导致肺炎和细支气管炎。4型称为M-25，似较少见，难以检出，可在儿童及成人中发生上呼吸道感染。为肠道病毒，体积微小，属于微小病毒(Picovirus)。通过呼吸道和消化道传播，均可引起呼吸道症状。又名肺炎原浆菌或胸膜肺炎样微生物(简称PPLO)，不但引起肺炎，也可引起上呼吸道感染，肺炎多见于5～14岁小儿。发病以秋冬季多见，每3~4年有一次流行。有30余种不同血清型，人群普遍易感，多见于儿童，约半数病人为隐性感染。主要引起急性上呼吸道感染，如、炎、咽滤泡性结膜炎。约2～4%急性呼吸道感染由该病毒引起，除此之外也可引起肺炎的流行。其中在上呼吸感染中以副流感病毒、呼吸道合胞病毒及冠状病毒较为常见。2、常见细菌：侵入上呼吸道的继发性大多属于β性链球菌A组、肺炎球菌、嗜血流感杆菌及葡萄球菌等。其中链球菌往往引起原发性咽炎。近年国外文献提到鼻咽部常住菌菌群之一的卡他布兰汉氏菌(Branhamelis catarrhails)可在呼吸道可发展为致病菌感染。二、诱发因素上呼吸道感染的发生和发展，除了取决于侵入的病原体种类、毒性及数量，还有其他诱发因素。1、宿主防御能力和缺乏锻炼，以及有体质的或免疫功能缺陷或低下的小儿，身体防御能力降低，容易发生上呼吸道感染，症状较为严重，在气候改变较多的冬春季节，更易造成流行。2、环境因素大气污染、居住拥挤、间接吸入烟雾、被动吸烟等，均可降低呼吸道局部防御能力，促使病原体生长繁殖。加强锻炼，改善营养状况与环境卫生等对预防上感有着重要意义。,小儿感冒西医治疗(一)治疗以充分休息、解表、清热、预防并发症为主，并重视一般护理和支持疗法。? ?1.药物疗法可分去因疗法和支持疗法。去因疗法中对病毒感染多采用中药治疗。有人从初乳中提取分泌型IgA滴鼻，0.3～0.5mg/(kg?d)，分6～8次，连续2～3天，疗效较好。细菌性感染则用青霉素和其他抗生素。大多数急性上呼吸道感染为病毒感染，抗生素非但无效，还可引起机体菌群失调，必须避免滥用。当合并细菌感染时，如β性链球菌A组引起的或，青霉素有效，如2～3天后无效，应考虑其他病原体感染。高热时先用冷毛巾湿敷前额和整个头部。此外。可用一般退热药如适量阿司匹林或对乙酰氨基酚(扑热息痛)，根据病情可4～6h重复一次，但避免用量过大以免体温骤降、多汗，甚至虚脱。对轻症咳嗽小儿，尤其是小婴儿，不宜用大量止咳的中西药品。? ? 2.局部治疗?如有，为了使呼吸道通畅，保证休息，应在进食和睡前用小儿滴鼻药，4～6次/d，每次每鼻孔2滴。婴儿忌用油剂滴鼻，恐吸入下呼吸道而致类脂性。年长儿患咽或时，可用淡盐水或复方硼酸溶液漱口。3.对并发症的治疗?对常见并发症的治疗，是处理急性上呼吸道感染的一个重要环节，必须根据轻重缓急而采取适当措施。4.一般护理?注意休息和护理，发热期宜给流食或软食，多饮水;吃奶婴儿应少量多次喂奶，以免导致吐泻等消化不良症状。室温宜恒定，保持一定湿度，有症状时更要注意。为了减轻咽痛及颈淋巴结疼痛，年长儿可用冷敷或热敷。鼻咽分泌物过多时，可取俯卧位。(二)预后本病预后良好，有自限性，一般5～7天痊愈。全身症状如精神、食欲等，常较体温和白细胞数更为重要。如饮食、精神如常者多预后良好;精神萎靡、多睡或烦躁不安、面色苍白者，应加警惕。小儿感冒中医治疗中药治疗?①上呼吸道感染在中医中称为“”，根据临床表现，可分为和两型。中医称流行性为“”，其临床表现与风相似，属于的重症。②热盛时容易引起惊厥(热惊);③易因食滞引起吐泻等胃肠证候。无论风寒或风热，其病位在表，治疗当用解表法，以辛温解表治风寒型，以辛凉解表治风热型。此外为上呼吸道感染中的一种常见病，现对其中医治疗一并叙述。(1)普通感冒：?①：多见于较大儿童感冒初期，出现恶寒、发热、无汗、流涕、头身疼痛、咳嗽有痰、舌质淡红、舌苔薄白、脉浮紧，治以辛温解表法。处方举例：麝香9g，菊花9g，苏梗6g，荆芥穗3g，连翘9g，生石膏9g。②风：见于婴幼儿，发热较重，或汗出而热不解，鼻塞、流黄涕、面赤、咽红，或咳嗽有痰，舌尖稍红，苔薄白或黄白相间，脉浮数或滑数。治以辛凉解表，清热解毒法。处方举例一(用于表热重者)：银花9g，连翘9g，薄荷6g，板蓝根9g，生石膏15g，牛蒡9g。处方举例二(适用于里热重者)：银花9g，连翘9g，菊花9g，青黛3g，地骨皮9g，白薇9g，生地9g，板蓝根9g，生石膏15g。(2)流行性感冒：发病急，病情较重。全身症状较明显，容易出现营分证候，可采用风热感冒的治疗方法，结合临床随证加减。按上述普通感冒各型，随证选加下列药物：?①高热加黄芩6g;高热大便干者加小儿牛黄散，每次0.3～0.6g，每天冲服2～3次。??②暑季感冒，高热神倦，恶心、，苔腻，加麝香6g，佩兰6g。?③咳嗽重者加前胡9g，杏仁6g。?④高热惊厥可加钩藤9g，蝉衣6g或珍珠母15g。?⑤兼食滞者可加焦楂9g，建曲9g或莱菔子6g。(3)：中医称“乳蛾”，根据临床表现不同分为“喉蛾红肿”(相当于)和莲房蛾(相当于隐窝性急性)。在急性期均为清热泻火，解毒消肿为主要疗法，同时可应用外治法。处方举例：银花9g，连翘9g，马勃3g，板蓝根9g，射干9g，元参15g，地丁9g，青黛3g。可随证加下列药物：?①表热重者加鲜芦根30g，菊花9g，无汗加薄荷6g。?②里热重时，高热口渴有汗者加生石膏15g，黄芩6g;高热舌质红、无汗者加丹皮6g。?③大便干燥加生大黄6g，另煎兑服，大便通畅则停服。??④伴有颌下淋巴结肿痛加夏枯草9g，胆草6g，赤勺9g。此外，局部可用锡类散或冰硼散吹喉，每次每侧吹少许，2～3次/d。病情重的婴幼儿，咳嗽反射可能减弱，用药吹喉时应慎重，药量宜少，以防啼哭挣扎时吹入气道。,小儿感冒饮食保健小儿食疗方1、“气虚”宝宝食谱：山药猪肉粥气虚的宝宝一般偏胖、虚胖，有薄薄的舌苔、舌不红，这类宝宝因为体质虚弱，也容易，适合的食谱是“山药猪肉粥”。材料：山药20克(或生山药切片)、猪肉末和大米适量。做法：先将大米煮成粥，将山药、猪肉末一起煮至熟为止。对于已经感冒的宝宝来说，需要通过清淡、有营养的饮食来调理。2、“阴虚”宝宝食谱：百合枸杞猪肉粥阴虚的宝宝一般偏瘦，睡觉多汗，容易心烦，易口渴、舌红、舌苔少。这类宝宝容易因汗多而着凉、感冒，建议食用“百合枸杞肉片粥”来滋补。材料：百合20-30克、枸杞10克、猪肉碎和米适量。做法：先将米煮成粥，然后放入百合、枸杞、猪肉碎丁一起煮至熟为止。3、“寒性感冒”宝宝食谱：葱白粳米粥如果你的宝宝在感冒初期，有以下的症状：咳嗽、痰多且稀、鼻涕清稀、舌苔白白的、大便白而干、尿很多、不爱喝水，一般就是寒性感冒，多是因为寒性、着凉所致的感冒。这时，宝宝适合的食谱就是“葱白粳米粥。”材料：葱白(葱的根部)5-6段，生姜6-7片、粳米适量。做法：先将粳米煮成粥，同时将葱白放入粥中，快好时放入生姜煮5-10分钟后就可熄火。4、“健康宝宝”防感冒食谱：玉屏风散材料：西洋参或党参10克、白术10克、防风6克。做法：将西洋参或党参、白术、防风用水煮开后，取汁水当茶喝。也可服用玉屏风口服液，此方可帮助宝宝有效预防感冒，提高免疫力。5、“热性感冒宝宝”食谱：薄荷牛蒡子粥倘若宝宝在感冒初期的症状为：痰咳不出来、咽疼、爱喝水、有粘稠的鼻涕、舌头红色、舌苔变黄、脉搏也比平常快，一般是热性感冒。这时，你就需要给宝宝煮“薄荷牛蒡子粥”。材料：薄荷6克、牛蒡子10克、粳米适量。做法：先将牛蒡子单煮15分钟，取出牛蒡子，留下汁水备用。将梗米煮成粥，10分钟后放入薄荷，在粥快好时，放入牛蒡子汁水，煮5分钟即可。,小儿感冒预防1.积极锻炼?利用自然因素锻炼体格十分重要，如经常开窗睡眠、户外活动和体育锻炼等都是积极的方法，只要持之以恒，就能增强体质，防止上呼吸道感染。2.讲卫生避免发病诱因 穿衣过多过少、室温过高过低、天气骤变、环境污染和被动吸烟等，都是上呼吸道感染的诱因。3.避免交叉感染接触病人后洗手。在一般托幼机构及医院必要时穿隔离衣，隔离不但保护邻近小儿，还可减少病儿发生并发症。病房应实行通风换气，保持适宜的温度湿度，及时消毒病人的床铺衣物，以免病原播散。在家庭中，成人患者应避免与健康儿童接触。4.药物预防?卡慢舒，婴幼儿5ml，儿童10ml口服，3次/d，3～6个月为一疗程。左旋咪唑2.5mg/(kg?d)，一周服2天，3个月为一疗程。中药黄芪每天6～9g，连服2～3个月。以上药物有提高机体细胞和体液免疫功能作用。反复上呼吸道感染儿童应用后可减少复发次数。北京友谊医院儿科曾用中药加味玉屏风散(配方：生黄芪9g，白术6g，防风3g，生牡蛎9g，陈皮6g，山药9g，研成细末)2次/d，每次3g，口服。通过3年观察，认为此药似能提高体弱儿免疫力，降低反复呼吸道感染的发病率。5.注射疫苗?最近认为，应用减毒病毒疫苗，由鼻腔内滴入和(或)雾化吸入，可以激发鼻腔和上呼吸道黏膜表面分泌型IgA产生，从而增强呼吸道对感染的防御能力。大量研究指出，分泌型IgA对抗呼吸道感染的作用比任何血清抗体更佳。由于肠道病毒和鼻病毒的型别太多，很难用疫苗预防。,,,,health39,1002
小儿哮喘,一、症状1.发作时症状患儿烦躁不安，出现呼吸困难，以呼气困难为著，往往不能平卧，坐位时耸肩屈背，呈端坐样呼吸困难，有时喘鸣音可传至窒外，患儿面色苍白，鼻翼扇动，口唇，指甲紫绀，甚至冷汗淋淳，面容怕恐不安，往往显示危重状态，应予积极处理。发病初起仅有干咳，以后即表现为喘息症状，随支气管痉挛缓解，排出粘稠白色痰液，呼吸逐渐平复，有的患儿咳嗽剧烈可致上腹部肌肉疼痛，可伴或不伴有发热，胸部体征的吸气时出现胸凹陷等三凹征，而呼气时因胸廓内压增高，在胸骨上凹及肋间隙反见凸出，同时颈静脉显著怒张，叩诊两肺呈鼓音，并有膈肌下移，心浊音界缩小，提示已发生(但在儿童患独，此种肺气肿体征在病情缓解时多自行消失，故称肺充气征)，此时呼吸音减弱，全肺可闻喘鸣音及干性罗音，严重病例，尤其持续状态，两肺几乎吸不到呼吸音，并由于肺动脉痉挛而致右心负荷增加，以及严重低氧导致心功能衰竭。临床表现也随引起哮喘发作的变应原而异，由上呼吸道感染引起者，胸部常可闻干，湿罗音，并伴发热，白细胞总数增多等现象，如为吸入变应原引志者，先多伴有鼻痒，流清涕，打嚏，干咳，然后出现喘憋，对食物有高度敏感者，大都不发热，除发生哮喘症状外常有口唇及面部浮肿，，腹痛，腹泻及等症状，多于进食后数分钟出现，如对食物敏感度较轻，则发生症状比较迟缓，往往只有轻度哮喘或呼吸困难。2.发作间歇期症状此时虽无呼吸困难，表现如正常儿童，但仍可自觉胸部不适，由于导致支气管易感性的病理因素依然存在，在感染或接触外界变应原时可立即触发哮喘发作，但多数患儿症状可全部消失，肺部听不到哮鸣音。患儿的痰液一般是无色粘稠而透明的，有时呈泡沫状，伴有细菌感染时痰液可转黄，痰中可查到大量嗜酸粒细胞，有时可见到夏一科氏(Chancot-Lyden)结晶，后者是嗜0于低分子量的多肽，多数患儿痰粘稠不易咯出，量少，特症状缓解时，则于咯出多量粘稠而泡沫的痰后呼吸困难明显改善，但在婴幼儿及学龄前儿童，痰液大部分咽下。3.慢性反复发作症状哮喘本身为一慢性疾病，但有的患儿常年发作，或虽可用药物控制，但缓解期甚短，大多是由于急性发作控制不利或反复感染而发生的结果，由于长期支气管痉挛，气道阻力增加而致肺气肿，体格检查可见胸部呈桶状，前后径加大，肺底下移，心脏相对浊音界缩小，有时虽无急性发作，但活动后亦常感胸闷气急，肺部常可闻及哮央音，或经常合并感染，痰多，由炎性分泌物阻塞而发生，大多见于右肺中叶，有的发展成，大多见于右肺中叶，有的发展成支气管扩张，偶见合并或，严重者有程度不等的心肺功能损害，甚至发生肺源性，对合并变态瓟生的患儿，亦可发展成慢性，，随着病程迁延，氧代谢障碍加重，这些患儿常表现身材矮小，，驼背，往往呈类似件会面的状态。二、诊断1.儿童哮喘诊断标准(全国儿童哮喘防治协作组1998年制定的试行方案)1)婴幼儿哮喘诊断标准：①年龄<3岁，哮喘发作≥3次。②发作时双肺闻及呼气相哮鸣音，呼气相延长。③具有特应性体质，如性，等。④父母有哮喘病等过敏性史。⑤除外其他引起喘息的疾病。凡具有以上①，②，⑤条即可诊断哮喘，如喘息发作2 次，并具有第②，⑤条，诊断为可疑哮喘或喘息性，如同时具有第③和(或)第④条时，可考虑给予哮喘治疗性诊断。2)儿童哮喘诊断标准：①年龄≥3岁，喘息呈反复发作者(或可追溯与某种变应原或刺激因素有关)。②发作时双肺闻及以呼气相为主的喘鸣音，呼气相延长。③支气管扩张剂有明显疗效。④除外其他引起喘息，胸闷和咳嗽的疾病。对各年龄组疑似哮喘同时肺部有哮鸣音者，可作以下任何一项支气管扩张试验：①用β2受体激动药的气雾剂或溶液雾化吸入(剂量及方法参考上述支气管扩张试验);②1‰肾上腺素皮下注射0.01ml/kg，每次最大量不超过0.3ml，在作以上任何一项试验后15min，如果喘息明显缓解及肺部哮鸣音明显减少，或FEV1改善≥15%，支气管扩张试验阳性，可作哮喘诊断。3)(CVA)诊断标准：①咳嗽持续或反复发作>1个月，常在夜间和(或)清晨发作，痰少，与闻到刺激性气味，气候改变，运动等有关。②临床无感染征象，或经较长期抗生素治疗无效。③有个人过敏史或家族过敏史，变应原皮试阳性可辅助诊断。④存在气道高反应性(支气管激发试验阳性)，支气管扩张试验阳性或PEF日变异率或周变异率≥15%。⑤支气管扩张剂和(或)糖皮质激素治疗可使咳嗽发作缓解(基本诊断条件)。2.哮喘的分期及严重度分级哮喘的分期哮喘病程可分为急性发作期及缓解期，哮喘急性发作是指气促，咳嗽，胸闷等症状突然发生或加重，常有呼吸困难和喘鸣，伴有呼气流量降低，缓解期系指经过治疗或未经治疗症状，体征消失，肺功能恢复到急性发作前水平，并维持4周以上。哮喘病情的评价：哮喘患者的病情评价应分为2个部分：1)非急性发作期病情的总评价：许多哮喘患者即使就诊当时没有急性发作，但在相当长的时间内总是不同频度和(或)不同程度地出现症状(喘息，咳嗽，胸闷)，因此需要依据就诊前一段时间的发作频率，严重程度，需用药物和肺功能情况对其病情进行总的评价。当患者已经处于规范化分级治疗期间，哮喘病情严重程度分级则应根据目前的临床表现以及目前每天治疗方案的级别进行综合判断，该分级方法反映了哮喘患者对采用的治疗方案的反应情况，即反映了病情控制情况，以此对选用的治疗方案适时进行调整(升级或降级)。2)哮喘急性发作时严重程度的评价：对哮喘急性发作病情严重程度作出正确评估，是给予及时有效治疗的基础，对重症哮喘的认识，是避免哮喘引起死亡的关键。,一、发病原因是多基因遗传有关的变态反应性疾病，环境因素对发病也起重要的作用。1.呼吸道感染(1)呼吸道病毒感染：在婴幼儿期主要有呼吸道合胞病毒(RSV)、副病毒、流感病毒和腺病毒，其他如病毒、病毒、肠道病毒、脊髓灰质炎病毒偶尔可见。(2)：由于婴幼儿免疫系统不成熟，支原体可以引起婴幼儿呼吸道慢性感染，若处理不恰当，可以导致反复不愈的咳嗽和喘息。(3)呼吸道局灶性感染：慢性、、、，是常见的儿童上呼吸道慢性局灶性病变，一方面可以引起反复的感染，另一方面又可以通过神经反射引起反复的咳喘，需要对这些病灶进行及时处理。2.吸入物质?1岁以上的幼儿，呼吸道过敏逐渐形成，如对室内的尘螨、蟑螂、宠物皮毛和对室外的花粉等变应原过敏，长期持续低浓度变应原吸入，可以诱发慢性气道过敏性炎症，引起机体致敏，并产生气道慢性特应性炎症，促进BHR形成，随着接触变应原时间增加，气道炎症和BHR逐渐加重，往往发展成儿童。短时间吸入高浓度变应原可以诱发急性哮喘;这类哮喘发作较为突然，多数在环境中变应原浓度较高的季节发作。3.胃食管反流?由于解剖结构的原因，也有医源性因素(如应用氨茶碱、&beta;受体兴奋药等)可以引起胃食管反流，在婴幼儿尤为多见，它是导致喘息反复不愈的重要原因之一。临床上多表现为入睡中出现剧烈的咳嗽、喘息，平时有回奶或现象。4.遗传因素?许多调查资料表明，哮喘患者亲属患病率高于群体患病率，并且亲缘关系越近，患病率越高;患者病情越严重，其亲属患病率也越高。目前，对哮喘的相关基因尚未完全明确，但有研究表明，有多位点的基因与变态反应性疾病相关。这些基因在哮喘的发病中起着重要作用。5.其他?吸入刺激性气体或剧烈运动、哭闹、油漆、煤烟、冷空气吸入均可作为非特异性刺激物诱发哮喘发作，其中油漆散发的气体可触发严重而持续的咳喘发作，应尽量避免。剧烈运动、哭闹使呼吸运动加快，呼吸道温度降低或呼吸道内液体渗透压改变，而诱发哮喘发作。二、发病机制哮喘的发病机制不完全清楚。多数人认为，变态反应、气道慢性炎症、气道反应性增高及自主神经功能障碍等因素相互作用，共同参与哮喘的发病过程。1.变态反应?当变应原进入具有过敏体质的机体后，通过巨噬细胞和T淋巴细胞的传递，可刺激机体的B淋巴细胞合成特异性IgE，并结合于肥大细胞和嗜碱性粒细胞表面的高亲和性的IgE受体(Fc&epsilon;R1)。若变应原再次进入体内，可与肥大细胞和嗜碱性粒细胞表面的IgE交联，从而促发细胞内一系列的反应，使该细胞合成并释放多种活性介质导致平滑肌收缩、黏液分泌增加、血管通透性增高和炎症细胞浸润等。炎症细胞在介质的作用下又可分泌多种介质，使气道病变加重，炎症浸润增加，产生哮喘的临床症状。根据变应原吸入后哮喘发生的时间，可分为速发型哮喘反应(IAR)、迟发型哮喘反应(LAR)和双相型哮喘反应(OAR)。IAR几乎在吸入变应原的同时立即发生反应，15～30min达高峰，2h后逐渐恢复正常。LAR约6h左右发病，持续时间长，可达数天。而且临床症状重，常呈持续性哮喘表现，肺功能损害严重而持久。LAR的发病机制较复杂，不仅与IgE介导的肥大细胞脱颗粒有关，主要是气道炎症反应所致。现在认为哮喘是一种涉及多种炎症细胞相互作用、许多介质和细胞因子参与的慢性气道炎症疾病。2.气道炎症气道慢性炎症被认为是哮喘的基本的病理改变和反复发作的主要病理生理机制不管哪一种类型的哮喘，哪一期的哮喘，都表现为以肥大细胞、嗜酸性粒细胞和T淋巴细胞为主的多种炎症细胞在气道的浸润和聚集。这些细胞相互作用可以分泌出数十种炎症介质和细胞因子。这些介质、细胞因子与炎症细胞互相作用，构成复杂的网络，相互作用和影响，使气道炎症持续存在。当机体遇到诱发因素时，这些炎症细胞能够释放多种炎症介质和细胞因子，引起气道平滑肌收缩，黏液分泌增加，血浆渗出和黏膜水肿。已知多种细胞，包括肥大细胞、嗜酸性粒细胞、嗜中性粒细胞、上皮细胞、巨噬细胞和内皮细胞都可产生炎症介质。主要的介质有：组胺、前列腺素(PG)、白三烯(LT)、血小板活化因子(PAF)、嗜酸性粒细胞趋化因子(ECF-A)、嗜中性粒细胞趋化因子(NCF-A)、主要碱基蛋白(MBP)、嗜酸性粒细胞阳离子蛋白(ECP)、内皮素-1(ET-1)、黏附因子(abhesion molecules， AMs)等。总之，哮喘的气道慢性炎症是由多种炎症细胞、炎症介质和细胞因子参与的，相互作用形成恶性循环，使气道炎症持续存在。其相互关系十分复杂，有待进一步研究。3.气道高反应性(AHR)?表现为气道对各种刺激因子出现过强或过早的收缩反应，是哮喘患者发生发展的另一个重要因素。目前普遍认为气道炎症是导致气道高反应性的重要机制之一。气道上皮损伤和上皮内神经的调控等因素亦参与了AHR的发病过程。当气道受到变应原或其他刺激后，由于多种炎症细胞释放炎症介质和细胞因子，神经轴索反射使副交感神经兴奋性增加，神经肽的释放等，均与 AHR的发病过程有关。AHR为患者的共同病理生理特征，然而出现AHR者并非都是支气管哮喘，如长期吸烟、接触臭氧、病毒性上呼吸道感染、慢性阻塞性肺疾病()等也可出现AHR。从临床的角度来讲，极轻度AHR需结合临床表现来诊断。但中度以上的AHR几乎可以肯定是哮喘。4.神经机制神经因素也认为是哮喘发病的重要环节支气管受复杂的自主神经支配。除胆碱能神经、肾上腺素能神经外，还有非肾上腺素能非胆碱能(NANC)神经系统。支气管哮喘与&beta;-肾上腺素能受体功能低下和迷走神经张力亢进有关，并可能存在有&alpha;-肾上腺素能神经的反应性增加。NANC能释放舒张支气管平滑肌的神经介质，如血管肠激肽(VIP)、一氧化氮(NO)，以及收缩支气管平滑肌的介质，如P物质，神经激肽等。两者平衡失调，则可引起支气管平滑肌收缩。,一、小儿哮喘西医治疗1.免疫疗法分非特异性免疫疗法和特异性脱敏疗法，近年来有用胸腺肽，灭活卡介苗，菌苗，核酪，疫苗，胎盘脂多糖等方法，这些治疗的目的是刺激机体免疫功能，增强淋巴细胞增殖，产生非特异性IgG，从而提高患者机体的免疫功能。2.脱敏疗法适用于外源性，系针对引起机体反应的某些变应原，采用自小剂量开始，逐步增加浓度，使体内反应素IgE下降，达到病因治疗和病因预防的双重作用，脱敏疗法一般应坚持2～3年，对单一过敏原过敏者疗效较好，儿童效果比成人好，但由于过敏原种类繁多，平日有些变应原如尘土，螨，花粉及霉菌等几乎无处不在，防不胜防，故对其治疗地位仍有争论。卡慢舒溶液是最近制成的免疫促进剂和调节剂，其主要成分为羧甲基淀粉钠，动物实验及临床应用显示对反复呼吸道感染小儿及哮喘患儿有改善细胞及体液免疫功能，从而增加机体抵抗力的作用，用法：22.5%卡慢舒溶液1～4岁7ml/次，～7岁10ml，～14岁15ml，每日3次，3～6月为一疗程。防止病毒感染 呼吸道感染尤其是RSV感染和发作有密切关系，故防止病毒性呼吸道感染很重要，目前国内外有效抗病毒药物较少，常采用：1）干扰素，有广谱抗病毒作用，有用干扰素气雾剂防治病毒性呼吸道感染，阻止哮喘发作的报道，但来源困难，价格昂贵，且疗程越长，副作用日见增多;2）病毒唑气雾剂，对防治感染性哮喘取得一定疗效，可自鼻中滴入，或气雾吸入，每日2～3次。3.稳定细胞膜?通过稳定肥大细胞细胞膜，抑制肥大细胞脱颗粒，从而阻止化学介质释放，可达到预防哮喘发作的目的，1）色甘酸钠是首选预防药，此药在肠道不吸收，需半粉剂20mg，置于喷雾吸入器吸用，每日3～4次，一般在2～4周后可发生作用，疗程4～6月，但此药无舒张支气管作用，对急性发作无效，有个别病儿吸入此药反可诱发，2）酮替芬(ketotifen)，可口服，亦有稳定肥大细胞细胞膜作用及抗组织胺作用，适用于所有类型哮喘，剂量为0.08～0.12mg/kg/d，至少服6～12月，但此药舒张支气管作用亦不强，目前已作为预防哮喘发作而广泛应用，副作用有嗜睡，头晕，困乏等，儿童比成人少见。4.锻炼身体?体格锻炼对长期患哮喘的儿童极为重要，可与药物治疗同时进行，体格锻炼可促进血液循环及新陈代谢，改善呼吸功能，增强肌肉张力，提高机体对温度和外界环境变化的适应能力，参加体育锻炼还可促进食欲，保持精神愉快，提高机体的抗病能力，此外，还应建立规律的生活制度，因地制宜循序渐进地增加运动量，进行冷水洗脸，洗脚等锻炼，及夏季参加游泳活动等均为有益的锻炼方式，只要在医生指导及一定药物的治疗下，持之以恒，体育锻炼是预防哮喘发作，调节机体机能状态的重要措施。二、小儿中医治疗??　简易方药(1)麻黄粉0.1g，枳壳0.2g，大黄粉0.3g。上药研细粉后装入胶囊备用。每丸0.6g，每日3次，每次剂量视年龄、病情给予1/2～2丸。用于痰喘。(2)地龙研为细粉，口服，3岁每次1～3g，每日3次。用于哮喘发作。(3)沉香2.5g，侧柏叶3g，共为细粉，临睡前顿服。用于哮喘夜间发作。(4)皂荚15g，水浸白芥子20g，12小时后焙干，每次1～1.5g，每日3次。用于哮喘发作期痰多者。(5)玉竹10g，白梨1个，水煎，分3次服。5岁者吃梨饮汁，每日3次，连服1个月。用于哮喘肺虚有热者。(6)胡桃肉3～5g，每日3次，久服。用于哮喘缓解期者。(7)黄芪5g，乌梅3g，五味子2g，甘草2g，大枣5枚，水煎2次，混合药汁，加热浓缩至15ml，1～3岁每次5ml，每日3次，连服1个月，有脱敏作用。用于哮喘的预防。(8)何首乌10g，牡蛎、胡桃仁、补骨脂各15g，共为细粉，每次5g，每日3次，久服可预防哮喘。,一、食疗方法防治本病要注意饮食，首先应择取补肺、健脾、培肾的食物，如杏仁、核桃仁、罗汉果、豆腐、枸杞子、茯苓、动物肺、脾、胰等。此外，饮食要清淡，可选择猪瘦肉、鸡蛋、豆类等含优质蛋白质的食物，多吃含维生素的蔬菜和水果，如新鲜大白菜、小白菜、萝卜、西红柿、山药、莲子、橘子、蛋黄、奶油等，以修复因而受到损害的肺泡，并提高小儿的抗病力。要禁食海腥发物，如海虾、蟹、鱼等，因为这些食物很可能是的源。也不要吃过甜、辛辣食物和冷饮，这些食物可能使病情加重，尤其寒冷、辛辣本来也可能成为诱因。二、适宜食物1、多吃含镁、钙的食物有减少的作用；2、补充足够的优质蛋白质，以满足炎症修复及营养补充；3、增加含维生素多的食品；4、多饮水，有利于稀释痰液，使痰易排出。三、不适宜食物1、不要吃过甜、辛辣食物和冷饮；2、要禁食海腥发物；3、忌吃易产气的食物；4、忌食油腻的食物。四、推荐食谱1、多吃含镁、钙的食物有减少过敏的作用；2、补充足够的优质蛋白质，以满足炎症修复及营养补充；3、增加含维生素多的食品；4、多饮水，有利于稀释痰液，使痰易排出。,小儿哮喘预防1.支气管反复发作对患儿生长发育和生活学习影响较大，应尽早进行预防。2.避免接触原和找出诱发因素?治疗要详细了解每次发病的诱发因素及发病细节，注意预防呼吸道感染，消除病灶(如及时治疗，，，等)，避免过劳，淋雨，奔跑及精神情绪方面的刺激，应尽量避免接触和及时处理已知过敏原，如接触花粉，应用阿斯匹林等药物，有条件可以改善环境或易地生活。,,,,health39,2
小儿慢性胃炎,一、症状小儿慢性胃炎的症状无特异性，多数有不同程度的消化不良症状，临床表现的轻重与胃黏膜的病变程度并非一致，且病程迁延。主要表现是反复腹痛，无明显规律性，通常在进食后加重。疼痛部位不确切，多在脐周。幼儿腹痛可仅表现不安和正常进食行为改变，年长儿症状似成人，常诉上腹痛，其次有嗳气、早饱、恶心、上腹部不适、泛酸。进食硬、冷、辛辣等食物或受凉、气温下降时，可引发或加重症状。部分患儿可有食欲不振、乏力、消瘦及头晕，伴有胃糜烂者可出现黑便。体征多不明显，压痛部位可在中上腹或脐周，范围较广泛。二、诊断单凭临床症状诊断较为困难，对反复腹痛与消化不良症状的患儿确诊主要依靠胃镜检查与病理组织活体检查，根据有无腺体萎缩诊断为慢性浅表性胃炎或慢性萎缩性 胃炎，根据炎症程度分为轻度(炎症浸润仅限于黏液的浅表1/3)，中度(炎症累及黏膜的浅层1/3～2/3)，重度(炎症超过黏膜浅层2/3以上);若固 有层内有中性粒细胞浸润则说明“活动性”，此外，常规在胃窦大弯或后壁距幽门5cm内取组织切片染色，快速尿素酶试验或细菌培养，或13C-尿素呼气试验 检查幽门螺杆菌，如阳性则诊断为“Hp相关性胃炎”，发现幽门口收缩不良，反流增多，胆汁滞留胃内，病理切片示纤维组织增生，常提示胃炎与胆汁反流有关。,一、发病原因1.幽门螺杆菌(helicobacter pylori，Hp) 自从1983年澳大利亚学者Warren和Marshall，首次从慢性胃炎患者的胃黏液中分离出Hp以来，大量的研究表明，Hp与慢性胃炎密切相关。Hp是革兰阴性菌，在光镜下呈轻度“S”形弯曲，长约3μm，电镜下菌体末端钝圆，大多数细菌一端有2～6根长3～5μm的鞭毛，在普通培养条件下不生长，但在特殊的三气培养箱中(10%CO2，5%O2和85%N2)生长良好。在儿童中原发性胃炎，Hp感染率高达40%，慢性活动性胃炎高达90%以上，而正常胃黏膜几乎很难检出Hp。感染Hp后，胃部病理形态改变主要是胃窦黏膜小结节，小颗粒隆起，组织学显示淋巴细胞增多，淋巴滤泡形成，用药物将Hp清除后，胃黏膜炎症明显改善。此外成人健康志愿者口服Hp证实可引发胃黏膜的慢性炎症，并出现上腹部痛、恶心、呕吐等症状;用Hp感染动物的动物模型也获得了成功，因此Hp是慢性胃炎的一个重要病因。2.化学性药物 小儿时期经常感冒和发热，反复使用非甾体类药物，如阿司匹林、吲哚美辛等，使胃黏膜内源性保护物质前列腺素E2减少，胃黏膜屏障功能降低，而致胃黏膜损伤。3.不合理的饮食习惯 食物过冷、过热、过酸、过辣、过咸或经常暴饮暴食、饮食无规律等，均可引起胃黏膜慢性炎症，食物中缺乏蛋白质、B族维生素也使慢性胃炎的易患性增加。4.细菌、病毒和(或)其毒素 鼻腔、口咽部的慢性感染病灶，如扁桃腺炎、鼻窦炎等细菌或其毒素吞入胃内，长期慢性刺激可引起慢性胃黏膜炎症;有报道40%的慢性扁桃腺炎患者其胃内有卡他性改变。急性胃炎之后胃黏膜损伤经久不愈，反复发作，亦可发展为慢性胃炎。5.十二指肠液反流 幽门括约肌功能失调时，使十二指肠液反流入胃增加。十二指肠液中含有胆汁、肠液和胰液。胆盐可减低胃黏膜屏障对氢离子的通透性，并使胃窦部G细胞释放胃泌素，增加胃酸分泌，氢离子通过损伤的黏膜屏障并弥散进入胃黏膜，引起炎症变化、血管扩张、炎性渗出增多，使慢性胃炎持续存在。二、发病机制正常胃黏膜的固有层只有少量单核细胞，如果出现多数淋巴细胞和浆细胞浸润则为慢性炎症活动期。嗜酸细胞极少见。慢性浅表性胃炎病变一般只限于黏膜的上1/3，即在腺窝层而不影响腺管部分。炎症影响上皮层使其变性坏死，重者剥脱形成糜烂甚至出血。核分裂相明显增多，上皮增厚。腺窝固有层有多数细胞浸润，白细胞游走，腺窝内有各种管型。萎缩性胃炎的炎症变化与浅表性胃炎相似，惟范围波及到黏膜全层，主要特点是腺体数量减少。肠上皮化生常见于萎缩性胃炎，轻者只见少量杯状细胞，重者可见大量典型的肠绒毛上皮，这种病理变化在儿童极少见。根据本院206例儿童胃黏膜组织学检查结果，几乎全属浅表性胃炎，仅1例为萎缩性胃炎，另有1例浅表性胃炎伴肠化生。,一、治疗慢性胃炎尚无特殊疗法，无症状者毋须治疗。首先明确病因，针对病因治疗为主。1.饮食 宜选择易消化无刺激性食物，少吃冷饮与调味品。2.清除Hp 对Hp引起的胃炎，尤为活动性胃炎，应给予抗Hp治疗。选用的药物有：(1)枸橼酸铋钾(胶体次枸橼酸铋，CBS)：6～9mg/(kg·d)。(2)抗生素：阿莫西林(羟氨苄青霉素)50mg/(kg·d)，克拉霉素15～20mg/(kg·d)，甲硝唑20mg/(kg·d)，呋喃唑酮5～10mg/(kg·d)。(3)质子泵抑制剂：奥美拉唑0.6～0.8mg/(kg·d)。(4)联合疗法：治疗方案可在上述药物中选用。组成二联或三联疗法：①含铋剂方案：铋剂加1或2个抗生素。②不含铋剂方案：质子泵抑制剂加1或2个抗生素组合。3.胃动力药 有腹胀、恶心、呕吐者，给予胃动力药物：如多潘立酮(吗丁啉)、西沙必利等。4.H2受体阻滞药 高酸或胃炎活动期者，可给予H2受体阻滞药：西咪替丁、雷尼替丁、法莫替丁。5.胃胆汁反流 有胆汁反流者，给予铝碳酸镁(胃达喜)、熊去氧胆酸与胆汁酸结合及促进胆汁排空的药。二、预后早日明确诊断明确病因，坚持病因治疗多能痊愈，但若病因未排除常至病情迁延。,慢性胃炎最好吃什么注重软、烂、消化：食用的主食、蔬菜及鱼肉等荤菜，特别是豆类、花生米等硬果类都要煮透、烧熟使之软烂，便于消化吸收，少吃粗糙和粗纤维多的食物，要求食物要精工细作，富含营养。保持新鲜、清淡：各种食物均应新鲜，不宜存放过久食用。吃新鲜而含纤维少的蔬菜及水果，如冬瓜、黄瓜、番茄、土豆、菠菜叶、小白菜、苹果、梨、香蕉、橘子等。吃清淡少油的膳食。清淡膳食既易于消化吸收，又利于胃病的康复。小儿慢性胃炎不宜吃什么？不宜吃过甜、过咸、过浓、过冷、过热、过酸的汤类及菜肴，以防伤害胃黏膜。大量饮用碳酸饮料也会对胃黏膜造成不同程度的损害。??? 少吃零食，特别是冰冻类的零食。,从小培养良好的饮食习惯也很重要。孩子吃饭要定时定量，少量多餐，注意营养搭配，少吃辛辣刺激的食物;另外还要避免挑食、偏食，不要过饥或过饱;不吃过多的冷饮;不要零食或糖果等不离口。否则，都容易导致胃肠功能紊乱和胃粘膜的抵抗力下降而患慢性胃炎。要减少孩子情绪劳累等因素，不要给孩子过多压力，注意孩子的休息，保证孩子有充足的睡眠，加强体格锻炼。,,,,health39,794
小儿肾性贫血,一、症状：肾性贫血是肾功能损害所引起的常见并发症，通常表现为正细胞、正色素性贫血。个体之间贫血程度可有较大差异，但每一个体的贫血程度较稳定。1.贫血：一般为正常红细胞正常血红蛋白型，严重贫血时血红蛋白可下降至20-30克/升;伴有肾病综合征者贫血程度比无肾病综合征者严重，这可能是大量蛋白丢失，引起EPO、转铁蛋白和必需氨基酸减少所致。肾衰贫血的临床症状比其他种类贫血轻。这可能是由于肾定时红细胞内2，3-DPG升高，降低了细胞内血红蛋白与氧的亲和力，使氧更易从血液进入组织，改善缺氧状态。多囊肾肾衰患者的贫血，比其他原因肾衰引起的贫血轻。伴有高血压的肾衰贫血，血细胞比容要高于血压正常患者，这可能是高血压引起肾缺血、刺激残留肾单位产生更多的EPO。2.出血：肾衰时凝血功能障碍，患者常有出血倾向，如鼻衄、牙龈出血、胃肠道出血等，失血使贫血加重。3.肾性贫血还表现在病人的食欲和精神上面。肾性贫血直接导致肾病病人的胃肠道吸收功能减弱，影响食物吸收，使其无食欲、精神萎靡。二、诊断：根据肾脏疾病和肾功能衰竭及贫血表现，排除了感染、慢性失血、血液病、纤维性骨病、严重营养不良、溶血、多发性骨髓瘤等疾病后，可诊断为肾性贫血。实验室检查确诊。诊断肾性贫血时建议做以下检查：血常规检查(注意是否是正细胞、正色素性贫血)、网织红细胞计数(排除溶血性贫血等)、大便潜血实验(确认有无慢性失血)、血清铁蛋白和转铁蛋白饱和度(排除缺铁因素)，并且以上检查前三项至少每月检查一次，后两项至少每三个月检查一次。,一、发病原因由于肾功能衰竭至红细胞生成素减少，尿毒症血浆中存在抑制红细胞生成物质和红细胞寿命缩短等所致。当肾功能开始受损时，慢性肾病病人体内由肾脏分泌产生的促红细胞生成素的总量将不足以满足身体的需要，从而成为引发肾性贫血的最主要原因之一。除此以外，慢性肾功能不全、尿毒症病人，体内堆积大量代谢毒素，缩减了红细胞存活时间;长期控制蛋白质的摄入量，发生出血倾向都有可能导致慢性肾病病人发生肾性贫血。二、发病机制目前已知的发病机制可能与以下因素有关：1、红细胞生成素生成减少。慢性肾功能障碍时红细胞生成素的产生减少，经大量的试验证明在肾功能障碍的病人有较严重的贫血时，其血浆中的红细胞生成素只能维持在正常的低限，而肾功能正常的贫血病人血浆中的红细胞生成素明显升高。红细胞生成素降低的程度与肾脏排泌功能障碍有平行关系。当红细胞生成素严重缺乏时，骨髓对溶血和贫血失去增生的代偿能力。约有10%的红细胞生成素由肝脏产生，故即使双肾切除血浆中仍有少量的红细胞生成素。亦有证明尿毒症血浆对红系祖细胞有抑制作用。故目前认为尿毒症病人的骨髓失去对贫血的代偿功能，与红细胞生成素降低和此类病人血浆中存在红系生成抑制物质有关。2、红细胞破坏增多。除骨髓增生障碍外，红细胞寿命缩短亦是贫血的原因。慢性肾衰患者红细胞寿命约为正常人的1/2，其原因是患者血浆中有破坏红细胞的毒性物质，使红细胞脆性增加。此外，肾衰时钙在红细胞膜上沉积，脂类代谢异常也可导致膜脆性增加。肾衰时并发微血管病变，血液透析红细胞通过透析膜的机械损伤均可使红细胞破坏增加。目前尚未能证明哪类特异毒素可导致此类病人的溶血现象，经血透析与腹膜透析皆不能使此类溶血现象减轻，尿毒症可导致血小板功能异常，可继发胃肠道和泌尿道失血。3、红细胞丢失增加。肾衰时凝血功能障碍，患者常有出血倾向，失血使贫血加重。4、吸收障碍：如铁、叶酸缺乏及过分限制蛋白摄入，蛋白合成下降可导致血红蛋白合成减少。5、甲状旁腺功能亢进：慢性肾衰时引起继发性甲状旁腺功能亢进，使其造血功能减退，甲状旁腺激素又可直接抑制红系造血细胞增殖。此外水钠潴留，血液稀释，进一步加重贫血。,一、治疗输血：是减轻此类贫血的主要治疗方法。小儿对贫血的耐受性很强，因此当血红蛋白降低至50g/L(5g/dl)左右时方考虑输血。输血过多不但可以使骨髓造血受到抑制，且可发生铁过剩。如无失血，以输浓集的红细胞为宜，每次可输10ml/kg。促红素治疗：采用皮下或静脉大剂量注射促红素，可减少或代替输血。常用量2000U，隔日1次。重组人促红细胞生成素(rhuEPO)每次50～100U/kg，每周3次，皮下注射，待HCT达0.3～0.33后改维持量(原剂量1/2)保持治疗水平。透析：持续而有效的透析能排出红细胞生成抑制因子和有毒代谢产物，使血红蛋白升高。长期做血透析的病儿，可因失血而缺铁，可给予铁剂。给予静脉补铁前应常规行静脉过敏实验， 10kg以下儿童，给予10mg实验剂量。叶酸亦因透析而丢失，故每天应口服叶酸1mg。应用泼尼松(强的松)后，可减慢红细胞下降的速度，减少血透析病儿的输血次数。雄激素：需要较长的治疗时间，故必须坚持应用2～4个月以上才能做出评价，有时要在治疗6个月后才出现疗效，病情缓解后仍应继续用药3～6个月再减量，维持1～2年。对儿童的疗效优于成人。适用于慢性轻、中度贫血的病儿。但有明显男性化及肝功能损害的不良反应，使临床应用受到限制。必需氨基酸治疗：由于维生素B6、维生素B12、叶酸、抗坏血酸缺乏者，可以适当补充。肾移植：彻底纠正肾功能衰竭，根治贫血。二、预后慢性肾功能衰竭的病程和预后受多种因素影响，如年龄、病因、合并症、治疗是否及时，高血压是否得到合理控制，早、中期饮食蛋白的限制是否合理，营养问题、代谢问题、贫血问题，患者日常护理等。脾虚为主时补脾为主，兼以补肾;肾虚为主时补肾为主，兼以补脾。补脾重用人参、炙黄芪;补肾重用熟地、山萸肉。气阴两虚型：全身乏力，恶心呕吐，口粘口干，饮水不多，腰膝酸软，手足心热，舌淡红，舌体胖大，边有齿痕，脉沉细。治宜：益气养阴生血。方用参芪地黄汤加减。药用：人参5g，黄芪 30g，当归10g，熟地黄10g，山萸肉10g，山药10g，丹皮12g，茯苓15g，泽泻6g 。水煎服，每日一剂。脾胃虚弱型：面色萎黄，口唇色淡，纳少恶心，时有呕吐，腹胀便溏，舌质淡红，苔薄白，脉沉细。治宜：益气养血，健脾和胃。方用补中益气汤加减。药用：当归10g，黄芪30g，砂仁 6g，人参5g，茯苓15g，白术10g，炙甘草6g，桑椹10g，炒内金 10g 。水煎服，每日一剂。,一、食疗方：选用各种补血食物，如瘦肉、动物肝脏、蛋类、黑木耳、黄花菜、海参、猪血、龙眼肉、桑椹、大枣、菠菜、黑豆等，以加强营养，改善贫血症状。根据病人的情况选用高效价的蛋白质，如鸡蛋、牛奶、瘦肉、鲤鱼等。尽量少吃或不吃植物蛋白如豆制品、动物内脏等。阿胶、鹿角胶、紫河车等血肉有情之品，虽有生血作用，但是可以使血尿素氮升高，因此应该忌食。1、羊肾4个，党参500克，熟地300克，红糖1公斤，先将新鲜羊肾对半切开，去筋膜洗净，切成条状，和熟地。党参(均以纱布包好)加水常法煮取药汁。文火炖1小时后取出滤液，余渣加水再煎，再取液。共三次。将所有滤液混和，以文火浓缩成胶状，加红糖收膏。每次服2食匙，每日服3次，开水冲服。连服2--3个月。2、阿胶10克，杞子25克，粳米50--100克。先以杞子和米煮粥，阿胶烊化后调入，加糖调味，每日早晚温服，连服3--4周。间隔数周后还可继续服。3、当归25克黄芪50克羊血(已凝成块)250克，先将归芪共煎两次取汁约200毫升，再加水适量，放少许盐。姜料酒等调料，与羊血一起煮汤食用。具有益气补血，强壮肾元，用于慢性肾炎而至贫血者。4、制首乌50克，入砂锅煎取浓汁，将首乌汁与粳米100克。冰糖适量同煮为粥，适用于高血脂，肾性贫血。5、生山药100克，薏苡仁100克，粳米100克，龙眼肉15克，红枣15克。 先将生薏苡仁和粳米洗净、煮熟，再将去皮捣碎的生山药、龙眼肉及红枣放入锅内与前者同煮成粥。易于消化，特别适用于脾胃虚弱，兼有心悸、健忘、失眠的贫血患者。6、龙眼肉5克，莲子肉10克，连衣花生米15克，粳米1克，共煮粥食。适用于肾炎引起的贫血及蛋白尿,积极防治各种可以引发肾性贫血的原发病因，如慢性肾炎、糖尿病、系统性红斑狼疮、肾盂肾炎等;已发生肾脏损害者，需积极防治感染，控制高血压，避免用肾毒性药物等，同时注意合理饮食和休息，以有效阻止病情进展，促进病情恢复。,,,,health39,155
小儿高热惊厥,一、症状惊厥多发生在发热后12h内，多数为全身强直阵挛或阵挛性发作，少数为强直性发作或失张力发作，15%为一侧性或限局性发作，多数发作历时短暂，一次热程中仅有1次发作，1/3的患儿以后有复发性FC，惊厥时间超过20min(24%)，24h内有惊厥复发(约1/4)或有限局性发作者称为复杂性热性惊厥，热性惊厥中仅2.4%以后转为癫痫，下列高危因素与以后转为癫痫有关：6个月以内或6岁以后起病，有癫痫家族史，精神运动发育异常，复杂性热性惊厥，发作后有神经系统异常如Todd麻痹，热退1周后有癫痫样脑电图异常，据报道，有上述1个高危因素时有6.8%转为癫痫，2个为17%～22%，3个高危因素时高达50%，小儿颞叶癫痫中1/3有FC病史，但二者之间的因果关系仍有争论。二、诊断1.单纯性热性惊厥诊断标准如下：(1)最低标准：①首次发病年龄在4个月～3岁，最后复发不超过6～7岁。②发热在38℃以上，先发热后惊厥，惊厥多发生于发热24h内。③惊厥为全身性抽搐，伴意识丧失，持续数分钟以内，发作后很快清醒。④无中枢神经系统感染及其他脑损伤。⑤可伴有呼吸，消化系统等急性感染。(2)辅助标准：①惊厥发作2周后脑电图正常。②脑脊液检查正常。③体格及智力发育正常④有遗传倾向。2.复杂性热性惊厥又称非典型性热性惊厥，除符合单纯性热性惊厥的诊断条件外，凡有以下某一种情况者即应考虑为复杂性热性惊厥：(1)发作持续l5min以上。(2)在24h内惊厥1次以上。(3)发作形式呈部分性发作或发作后有阳性神经系统异常体征。复杂性热性惊厥初次发作年龄可小于6个月或6岁以上，体温不太高时即出现惊厥，而且复发次数较多。,一、发病原因热性惊厥是小儿时期最常见的抽搐，大多由于各种感染性疾病引起，以上呼吸道感染最为多见。见于感冒等疾病初期，体温骤然上升时，又称热性惊厥。热性惊厥不包括脑炎、脑膜炎发热时并存的抽搐。年龄、遗传因素和惊厥发作前生长发育状况是影响本病患病率的主要因素。二、发病机制在惊厥性放电时，脑组织有大量的神经元发生快速、反复的脂除极化，需较多的能量维持钠-钾泵的功能，神经递质的合成与释放也增加，细胞代谢过程加快，而且惊厥时体温升高，肌肉抽搐也使全身代谢增加，高热可使动物脑代谢增加25%，这些活动所需能量比正常高出2～4倍。脑的异常放电活动即惊厥放电本身对能量的需要也明显增加，这也是引起脑损伤的一个重要原因。所以惊厥给脑造成了最大的代谢负担。热性惊厥为小儿惊厥中最常见的一种，预后一般良好，引起智力低下的发生率很低，但是其中有少数患者可以引起智力低下，目前对此有两种解释，一种认为严重的热性惊厥可以引起脑损伤，以致出现癫痫及智力低下，这是指惊厥持续时间越长，惊厥复发次数越多，出现脑损伤的可能性就越大。另一种观点认为，在热性惊厥前，神经系统已出现异常，这种小儿即使不发生热性惊厥也会出现智力低下，即认为热性惊厥病儿的神经系统症状并非惊厥本身所致，而是存在于热性惊厥起病之前，热性惊厥与智力低下并非因果关系，而是共同原因所决定的。另外惊厥引起脑损伤和年龄也有密切关系。小儿惊厥持续30min以上就可以产生神经元缺血性改变，而成人惊厥超过6h才发生这种改变。这是因为婴幼儿时期脑组织代谢活跃，神经细胞处于生长、分化旺盛时期，正在发育的脑组织最易受损害，所以惊厥发病年龄越早，其智力低下的发生率可能会越高。总之热性惊厥之前如已有神经系统异常，可能导致将来的智力低下，严重的持续性惊厥本身也能引起脑损伤而影响智力。,一、治疗热性惊厥一般发作短暂。多不需用药。如果正在发作中，可针刺人中或合谷穴位，也可静脉推注地西泮(安定)，每次按0、3～0、5mg/kg给药，最大剂量10mg，静脉推注速度1～2mg/min。对单纯性FC，仅针对原发病处理，包括退热和其他物理降温措施即可。但对有复发倾向者，可于发热病开始即使用地西泮(安定)1mg/(kg、d)，日分3次口服，连服2—3天，或指导本次原发病体温恢回复正常为止，对CFC或总发作次数已达5次以上者，若以安定临时口服未能阻止新的发作，可长期地口服丙戊酸或苯巴比妥钠，疗程1—2年，个别需适当延长，其他传统抗癫痫药对FC发作的预防作用较差。二、预后1、复发 热性惊厥常有复发，在初次惊厥以后25%～40%(平均33%)的病儿在以后的热性病时出现惊厥复发。在热性惊厥小儿中，1/3有第2次惊厥，9%的热性惊厥小儿复发3次或更多。初次发作在1岁以内的复发率最高，约占一半病例。如家族中有癫痫或热性惊厥者，复发机会也高。复发的时间多见于初次发作后2年以内。2、热性惊厥与癫痫的关系 热性惊厥转变为癫痫的发生率，在以往的报道中相差十分悬殊，2%～57%，可能与观察时间及病例来源不同有关。根据近年来一些较大数量的病例较长时间的观察，发生率在2%～7%。无论是单纯型还是复杂型热性惊厥，在热性惊厥发生前如已有神经系统异常，发生癫痫的危险增高。3、热性惊厥与智力低下的关系 热性惊厥小儿发生癫痫及智力低下的原因，一种认为严重的惊厥可以引起脑损伤，以致出现癫痫及智力低下;另一种观点认为在热性惊厥前，神经系统已出现异常，这种小儿既可发生热性惊厥，也会出现智力低下。,给予流质饮食，鼓励病人多饮水，避免因降温过快、出汗过多引起虚脱。,(1)长时间发作时，应置患儿于卧位，保持呼吸道通畅，吸氧。(2)立即静脉缓慢注入地西泮(安定)，每次0.2~0.5mg/kg，或用0.5mg/kg的地西泮(安定)灌肠，如20~30分钟仍不见效，可重复1次。(3)如有多次发作或惊厥状态，应于地西泮(安定)控制发作后，立即1次负荷剂量的苯巴比妥钠10~12mg/kg，然后口服维持剂量苯巴比妥钠每曰3~6mg/kg。地西泮(安定)静脉注射及负荷剂量苯巴比妥钠均可致呼吸抑制，应事先做好人工呼吸的准备。(4)与此同时，应采取冷水擦浴、头部冰帽、冷盐水灌肠等物理降温和使用解热药物。对有复发危险的病儿，可用药预防复发，方法有二：1、平时不服药，在发热初起，体温达38℃以上时，急用安定灌肠，用量一次5mg或每天0.5mg/kg。口服效果不明显。2、长期服用药物预防，不论平时是否发热，持续规律口服苯巴比妥，每天3～5mg/kg。也可用丙戊酸钠，每天15～30mg/kg。目前有人采用的间歇服药方法，即初次发作以后，每当发热时立即用药，这种方法家长容易接受，但若采用苯巴比妥，则不能达到防止复发的目的。苯巴比妥至少规律服用7天才能在血中达到稳定的治疗浓度，一剂苯巴比妥口服后也需4～6h才能达到血中浓度高峰，所以不能采用此种方法防止复发。,,,,health39,744
